scrape_session_id,scrape_datetime,store_name,basket_item_id,canonical_name,product_url,product_title_raw,price_raw,unit_price_raw,price_block_raw,price_context_raw,availability_raw,status
20260511_133323,2026-05-11 13:33:25,HEB,1,"boneless, skinless chicken breasts",https://www.heb.com/product-detail/h-e-b-natural-boneless-chicken-breasts-avg-2-0-lbs/684852,H‑E‑B Natural Boneless Chicken Breasts,$10.78,,$10.78,standard_price,,success
20260511_170007,2026-05-11 17:03:52,HEB,2,chicken breast tenderloins,https://www.heb.com/product-detail/h-e-b-natural-boneless-chicken-breast-tenders-avg-1-02-lbs/684580,H‑E‑B Natural Boneless Chicken Breast Tenders,$5.90,$5.78/lb,$5.90 ($5.78 / lb),standard_price,,success
20260511_170007,2026-05-11 18:40:05,HEB,3,boneless skinless chicken thighs,https://www.heb.com/product-detail/h-e-b-natural-boneless-skinless-chicken-thighs-avg-2-0-lbs/790544,H‑E‑B Natural Boneless Skinless Chicken Thighs,$8.98,$4.49/lb,$8.98 ($4.49 / lb),standard_price,,success
20260511_184154,2026-05-11 18:44:15,HEB,4,93% lean / 7% fat lean ground beef,https://www.heb.com/product-detail/h-e-b-100-pure-lean-ground-beef-93-lean-avg-1-1-lbs/1265451,"H‑E‑B 100% Pure Lean Ground Beef, 93% Lean",$8.57,$7.79/lb,$8.57 ($7.79 / lb),standard_price,,success
20260511_184154,2026-05-11 18:48:21,HEB,5,80% lean / 20% fat ground beef chuck,https://www.heb.com/product-detail/h-e-b-100-pure-ground-beef-chuck-80-lean-value-pack-avg-1-9-lbs/635319,"H‑E‑B 100% Pure Ground Beef Chuck, 80% Lean - Value Pack",$11.38,$5.99/lb,$11.38 ($5.99 / lb),standard_price,,success
20260511_184154,2026-05-11 18:55:03,HEB,6,"ribeye steak, choice angus beef",https://www.heb.com/product-detail/h-e-b-boneless-beef-ribeye-steaks-thin-cut-nbsp-usda-choice-avg-0-83-lb/4001002,"H‑E‑B Boneless Beef Ribeye Steaks, Thin Cut - USDA Choice",$15.76,$18.99/lb,$15.76 ($18.99 / lb),standard_price,,success
20260511_184154,2026-05-11 19:04:19,HEB,7,"bone-in cowboy-cut short ribs, prime beef",https://www.heb.com/product-detail/h-e-b-chuck-beef-short-ribs-avg-1-9-lbs/1165372,H‑E‑B Chuck Beef Short Ribs,$14.80,$7.79/lb,$14.80 ($7.79 / lb),standard_price,,success
20260511_210328,2026-05-11 21:08:39,HEB,8,frozen turkey,https://www.heb.com/product-detail/1493802?shoppingStore=24&gad_source=1&gad_campaignid=22908441503&gbraid=0AAAAADhGD4Tq28vnSDjuEL92pSP5YRbMC&gclid=Cj0KCQjw2YDQBhD_ARIsAE1qeScwkrZ9kHdu28HxLAwj9IUbh2-ke6JkwlXn2OGd6MDs2ybYkgZjgv8aAoSnEALw_wcB,"H‑E‑B Natural Frozen Whole Young Turkey, 16 - 20 lbs",$36.63,$1.98/lb,$36.63 ($1.98 / lb),standard_price,,success
20260511_211236,2026-05-11 21:22:43,HEB,9,frozen whole turkey,https://www.heb.com/product-detail/butterball-frozen-whole-young-turkey-20-24-lbs-limit-1/2184248,"Butterball Frozen Whole Young Turkey, 20 - 24 lbs, Limit 1",$37.38,$1.68/lb,$37.38 ($1.68 / lb),standard_price,,success
20260511_211236,2026-05-11 21:30:32,HEB,10,"pork, cooked, boneless, hickory smoked quarter sliced ham",https://www.heb.com/product-detail/smithfield-anytime-favorites-boneless-hickory-smoked-ham-steak-8-oz/1862778,Smithfield Anytime Favorites Boneless Hickory-Smoked Ham Steak,$2.97,$0.37/oz,$2.97 ($0.37 / oz),standard_price,,success
20260511_211236,2026-05-11 21:41:43,HEB,12,"naturally hickory smoked sliced bacon, 16 oz",https://www.heb.com/product-detail/hill-country-fare-hickory-smoked-sliced-bacon-16-oz/1498315,Hill Country Fare Hickory Smoked Sliced Bacon,$4.67,$0.24/oz,$4.67 ($0.24 / oz),standard_price,,success
20260511_211236,2026-05-11 21:51:59,HEB,13,"naturally hardwood smoked bacon, 16 oz, 17-19 slices",https://www.heb.com/product-detail/oscar-mayer-original-hardwood-smoked-bacon-16-oz/139994,Oscar Mayer Original Hardwood Smoked Bacon,$6.97,$0.44/oz,$6.97 ($0.44 / oz),standard_price,,success
20260515_122146,2026-05-15 12:21:47,HEB,1,chicken breast,https://www.heb.com/product-detail/h-e-b-natural-boneless-chicken-breasts-avg-2-0-lbs/684852,H‑E‑B Natural Boneless Chicken Breasts,$10.78,$5.39/lb,$10.78 ($5.39 / lb),standard_price,,success
20260515_122446,2026-05-15 12:24:47,HEB,2,"chicken breast, organic",https://www.heb.com/product-detail/central-market-organic-air-chilled-boneless-skinless-chicken-breasts-avg-1-4-lbs/1109768,Central Market Organic Air-Chilled Boneless Skinless Chicken Breasts,$12.59,$8.99/lb,$12.59 ($8.99 / lb),standard_price,in_stock,success
20260515_123709,2026-05-15 12:41:10,HEB,3,chicken breast tenderloins,https://www.heb.com/product-detail/h-e-b-natural-boneless-chicken-breast-tenders-avg-1-02-lbs/684580,H‑E‑B Natural Boneless Chicken Breast Tenders,$5.90,$5.78/lb,$5.90 ($5.78 / lb),standard_price,,success
20260515_124826,2026-05-15 12:51:06,HEB,5,chicken thighs,https://www.heb.com/product-detail/h-e-b-natural-boneless-skinless-chicken-thighs-avg-2-0-lbs/790544,H‑E‑B Natural Boneless Skinless Chicken Thighs,$8.98,$4.49/lb,$8.98 ($4.49 / lb),standard_price,,success
20260515_124826,2026-05-15 12:58:45,HEB,6,"chicken thighs, organic",https://www.heb.com/product-detail/central-market-organic-air-chilled-boneless-skinless-chicken-thighs-avg-1-41-lbs/676991,Central Market Organic Air-Chilled Boneless Skinless Chicken Thighs,$11.97,$8.49/lb,$11.97 ($8.49 / lb),standard_price,,success
20260515_145804,2026-05-15 15:02:02,HEB,7,"ground beef, 93/7",https://www.heb.com/product-detail/h-e-b-100-pure-lean-ground-beef-93-lean-avg-1-1-lbs/1265451,"H‑E‑B 100% Pure Lean Ground Beef, 93% Lean",$8.57,$7.79/lb,$8.57 ($7.79 / lb),standard_price,out_of_stock,success
20260515_145804,2026-05-15 15:13:55,HEB,9,"ground beef, 80/20",https://www.heb.com/product-detail/h-e-b-100-pure-ground-beef-chuck-80-lean-value-pack-avg-1-9-lbs/635319,"H‑E‑B 100% Pure Ground Beef Chuck, 80% Lean - Value Pack",$11.38,$5.99/lb,$11.38 ($5.99 / lb),standard_price,in_stock,success
20260515_145804,2026-05-15 15:22:14,HEB,10,"steak, ribeye",https://www.heb.com/product-detail/h-e-b-boneless-beef-ribeye-steaks-thin-cut-nbsp-usda-choice-avg-0-83-lb/4001002,"H‑E‑B Boneless Beef Ribeye Steaks, Thin Cut - USDA Choice",$15.76,$18.99/lb,$15.76 ($18.99 / lb),standard_price,in_stock,success
20260515_145804,2026-05-15 15:34:51,HEB,13,"beef short ribs, bone in",https://www.heb.com/product-detail/h-e-b-chuck-beef-short-ribs-avg-1-9-lbs/1165372,H‑E‑B Chuck Beef Short Ribs,$14.80,$7.79/lb,$14.80 ($7.79 / lb),standard_price,in_stock,success
20260515_145804,2026-05-15 15:42:59,HEB,14,"frozen turkey, whole",https://www.heb.com/product-detail/1493802,"H‑E‑B Natural Frozen Whole Young Turkey, 16 - 20 lbs",$36.63,$1.98/lb,$36.63 ($1.98 / lb),standard_price,likely_in_stock,success
20260515_145804,2026-05-15 15:51:27,HEB,15,"frozen whole turkey, butterball",https://www.heb.com/product-detail/butterball-frozen-whole-young-turkey-20-24-lbs-limit-1/2184248,"Butterball Frozen Whole Young Turkey, 20 - 24 lbs, Limit 1",$37.38,$1.68/lb,$37.38 ($1.68 / lb),standard_price,likely_in_stock,success
20260515_145804,2026-05-15 16:03:31,HEB,16,"hickory sliced ham, smithfield",https://www.heb.com/product-detail/smithfield-anytime-favorites-boneless-hickory-smoked-ham-steak-8-oz/1862778,Smithfield Anytime Favorites Boneless Hickory-Smoked Ham Steak,$2.97,$0.37/oz,$2.97 ($0.37 / oz),standard_price,in_stock,success
20260515_145804,2026-05-15 16:15:42,HEB,17,"bacon, hickory smoked",https://www.heb.com/product-detail/hill-country-fare-hickory-smoked-sliced-bacon-16-oz/1498315,Hill Country Fare Hickory Smoked Sliced Bacon,$4.45,$0.24/oz,$4.45 ($0.24 / oz),standard_price,in_stock,success
20260515_145804,2026-05-15 16:24:56,HEB,18,"bacon, oscar mayer",https://www.heb.com/product-detail/oscar-mayer-original-hardwood-smoked-bacon-16-oz/139994,Oscar Mayer Original Hardwood Smoked Bacon,$6.97,$0.44/oz,$6.97 ($0.44 / oz),standard_price,in_stock,success
20260515_145804,2026-05-15 16:38:34,HEB,19,vegan bacon,https://www.heb.com/product-detail/morningstar-farms-veggie-breakfast-original-veggie-bacon-strips-5-25-oz/102725,MorningStar Farms Veggie Breakfast Original Veggie Bacon Strips,$4.58,$0.87/oz,$4.58 ($0.87 / oz),standard_price,in_stock,success
20260515_145804,2026-05-15 16:41:59,HEB,20,"brisket, beef, angus",https://www.heb.com/product-detail/h-e-b-natural-angus-beef-brisket-avg-15-4-lbs/1046129,H‑E‑B Natural Angus Beef Brisket,$99.95,$6.49/lb,$99.95 ($6.49 / lb),standard_price,likely_in_stock,success
20260515_145804,2026-05-15 16:54:15,HEB,21,tilapia fillets,https://www.heb.com/product-detail/h-e-b-responsibly-raised-fresh-tilapia-fillet-lb/373291,H‑E‑B Responsibly Raised Fresh Tilapia Fillet,$6.97,$0.44/oz,$6.97 ($0.44 / oz),standard_price,in_stock,success
20260515_145804,2026-05-15 17:01:10,HEB,22,tuna in water,https://www.heb.com/product-detail/h-e-b-wild-caught-chunk-light-tuna-in-spring-water-pouch-2-5-oz/3911003,H‑E‑B Wild Caught Chunk Light Tuna in Spring Water Pouch,$1.28,$0.51/oz,$1.28 ($0.51 / oz),standard_price,in_stock,success
20260515_145804,2026-05-15 17:06:11,HEB,23,"tuna in water, starkist",https://www.heb.com/product-detail/starkist-chunk-light-tuna-in-water-pouch-2-6-oz/296799,StarKist Chunk Light Tuna in Water Pouch,$1.28,$0.49/oz,$1.28 ($0.49 / oz),standard_price,in_stock,success
20260515_145804,2026-05-15 17:13:46,HEB,24,"ham, lunchmeat, black forest,hillshire farm",https://www.heb.com/product-detail/hill-country-fare-thin-sliced-black-forest-uncured-ham-lunch-meat-9-oz/2227738,Hill Country Fare Thin Sliced Black Forest Uncured Ham Lunch Meat,$3.39,$0.38/oz,$3.39 ($0.38 / oz),standard_price,in_stock,success
20260515_145804,2026-05-15 17:26:28,HEB,25,"ham, uncured, black forest",https://www.heb.com/product-detail/h-e-b-fully-cooked-applewood-smoked-sliced-uncured-half-ham-avg-1-25-lbs/1882488,H‑E‑B Fully Cooked Applewood Smoked Sliced Uncured Half Ham,$9.11,$7.29/lb,$9.11 ($7.29 / lb),standard_price,in_stock,success
20260515_145804,2026-05-15 17:33:18,HEB,26,"vegan lunch meat, hickory smoked, tofurky",https://www.heb.com/product-detail/tofurky-hickory-smoked-plant-based-deli-slices-5-5-oz/1369531,Tofurky Hickory Smoked Plant-Based Deli Slices,$3.99,$0.73/oz,$3.99 ($0.73 / oz),standard_price,in_stock,success
20260515_145804,2026-05-15 17:41:32,HEB,27,"turkey breast, lunchmeat, hillshire farm",https://www.heb.com/product-detail/hill-country-fare-thin-sliced-oven-roasted-turkey-breast-lunch-meat-family-pack-16-oz/4681501,Hill Country Fare Thin-Sliced Oven-Roasted Turkey Breast Lunch Meat - Family Pack,$5.69,$0.36/oz,$5.69 ($0.36 / oz),standard_price,in_stock,success
20260515_145804,2026-05-15 17:48:47,HEB,28,"vegan deli slices, oven roasted, tofurky",https://www.heb.com/product-detail/tofurky-oven-roasted-plant-based-deli-slices-5-5-oz/1369534,Tofurky Oven Roasted Plant-Based Deli Slices,$3.99,,$3.99,standard_price,in_stock,success
20260515_145804,2026-05-15 18:00:57,HEB,29,chicken wings,https://www.heb.com/product-detail/hill-country-fare-chicken-wing-portions-avg-1-81-lbs/313295,Hill Country Fare Chicken Wing Portions,$9.03,$4.99/lb,$9.03 ($4.99 / lb),standard_price,in_stock,success
20260515_145804,2026-05-15 18:10:59,HEB,30,chicken drumsticks,https://www.heb.com/product-detail/hill-country-fare-chicken-drumsticks-value-pack-avg-4-2-lbs/313261,"Hill Country Fare Chicken Drumsticks, Value Pack",$5.33,$0.99/lb,$5.33 ($0.99 / lb),standard_price,in_stock,success
20260515_145804,2026-05-15 18:23:00,HEB,31,"hot dogs, oscar mayer",https://www.heb.com/product-detail/oscar-mayer-classic-hot-dogs-10-ct/139933,Oscar Mayer Classic Hot Dogs,$3.28,$0.18/oz,$3.28 ($0.18 / oz),standard_price,in_stock,success
20260515_145804,2026-05-15 18:28:48,HEB,32,hot dogs,https://www.heb.com/product-detail/hill-country-fare-franks-hot-dogs-texas-size-pack-24-ct/2419571,Hill Country Fare Franks Hot Dogs - Texas-Size Pack,$3.19,$0.08/oz,$3.19 ($0.08 / oz),standard_price,in_stock,success
20260515_145804,2026-05-15 18:32:43,HEB,33,breakfast sausage links,https://www.heb.com/product-detail/h-e-b-breakfast-sausage-patties-original-nbsp-24-ct/15992162,H‑E‑B Breakfast Sausage Patties - Original,$11.39,$0.47/ct,$11.39 ($0.47 / ct),standard_price,in_stock,success
20260515_145804,2026-05-15 18:38:12,HEB,34,"breakfast sausage links, jimmy dean",https://www.heb.com/product-detail/jimmy-dean-premium-all-natural-pork-breakfast-sausage-links-original-14-ct/1145130,"Jimmy Dean Premium All Natural Pork Breakfast Sausage Links - Original, 14 ct",$3.97,$0.33/oz,$3.97 ($0.33 / oz),standard_price,in_stock,success
20260515_145804,2026-05-15 18:51:54,HEB,35,"breakfast sausage, beyond meat",https://www.heb.com/product-detail/beyond-meat-beyond-breakfast-sausage-frozen-plant-based-patties-spicy-6-ct-7-4-oz/4438126,"Beyond Meat Beyond Breakfast Sausage Frozen Plant-Based Patties - Spicy, 6 ct",$3.97,$0.54/oz,$3.97 ($0.54 / oz),standard_price,in_stock,success
20260515_145804,2026-05-15 18:57:20,HEB,36,"pork sausage, bratwurst, links, johnsonville",https://www.heb.com/product-detail/johnsonville-beer-brats-bratwurst-links/1564067,Johnsonville Beer Brats Bratwurst Links,$5.92,$0.31/oz,$5.92 ($0.31 / oz),standard_price,in_stock,success
20260515_145804,2026-05-15 19:06:40,HEB,37,"pork sausage, mild italian, links",https://www.heb.com/product-detail/h-e-b-pork-italian-sausage-links-mild-avg-1-25-lbs/1077766,H‑E‑B Pork Italian Sausage Links - Mild,$5.61,$4.49/lb,$5.61 ($4.49 / lb),standard_price,in_stock,success
20260515_145804,2026-05-15 19:11:34,HEB,38,"mild italian pork sausage links, johnsonville",https://www.heb.com/product-detail/johnsonville-pork-italian-sausage-links-mild-5-ct/917699,Johnsonville Pork Italian Sausage Links - Mild,$5.92,$0.30/oz,$5.92 ($0.30 / oz),standard_price,in_stock,success
20260515_145804,2026-05-15 19:25:34,HEB,39,"pork back ribs, bone in",https://www.heb.com/product-detail/h-e-b-natural-pork-loin-baby-back-ribs-avg-3-4-lbs/960254,H‑E‑B Natural Pork Loin Baby Back Ribs,$16.29,$4.79/lb,$16.29 ($4.79 / lb),standard_price,in_stock,success
20260515_145804,2026-05-15 19:30:50,HEB,40,"eggs, large, white, 12 count",https://www.heb.com/product-detail/sunups-grade-a-large-white-eggs-12-ct/392291,Sunups Grade A Large White Eggs,$1.46,$0.12/ct,$1.46 ($0.12 / ct),standard_price,in_stock,success
20260515_145804,2026-05-15 19:43:03,HEB,41,"eggs, large, brown, pasture raised,12 count, vital farms",https://www.heb.com/product-detail/vital-farms-pasture-raised-large-eggs-12-ct/2091628,Vital Farms Pasture Raised Large Eggs,$7.46,$0.50/ct,$7.46 ($0.50 / ct),standard_price,in_stock,success
20260515_145804,2026-05-15 19:48:37,HEB,42,"eggs, large, white, cage free, 12 count",https://www.heb.com/product-detail/h-e-b-grade-aa-cage-free-large-brown-eggs-12-ct/1011641,H‑E‑B Grade AA Cage Free Large Brown Eggs,$2.96,$0.25/ct,$2.96 ($0.25 / ct),standard_price,in_stock,success
20260515_145804,2026-05-15 19:54:01,HEB,43,liquid egg whites,https://www.heb.com/product-detail/hill-country-fare-liquid-egg-whites-32-oz/1412036,Hill Country Fare Liquid Egg Whites,$4.78,$0.15/oz,$4.78 ($0.15 / oz),standard_price,in_stock,success
20260515_145804,2026-05-15 19:56:45,HEB,44,"liquid egg whites, bob evans",https://www.heb.com/product-detail/bob-evans-liquid-egg-whites-32-oz/3376659,Bob Evans Liquid Egg Whites,$5.87,$0.18/oz,$5.87 ($0.18 / oz),standard_price,in_stock,success
20260515_145804,2026-05-15 20:11:19,HEB,45,"yogurt, greek, plain, nonfat",https://www.heb.com/product-detail/h-e-b-17g-protein-nonfat-greek-yogurt-plain-32-oz/1715428,H‑E‑B 17g Protein Nonfat Greek Yogurt - Plain,$4.88,$0.15/oz,$4.88 ($0.15 / oz),standard_price,in_stock,success
20260515_145804,2026-05-15 20:17:15,HEB,46,"yogurt, greek, plain, nonfat, organic",https://www.heb.com/product-detail/h-e-b-organics-18g-protein-nonfat-greek-yogurt-plain-32-oz/2078531,H‑E‑B Organics 18g Protein Nonfat Greek Yogurt - Plain,$4.98,$0.16/oz,$4.98 ($0.16 / oz),standard_price,in_stock,success
20260515_145804,2026-05-15 20:30:44,HEB,47,"yogurt, greek, plain, nonfat, the greek gods",https://www.heb.com/product-detail/the-greek-gods-plain-traditional-nbsp-greek-yogurt-32-oz/1739386,The Greek Gods Plain Traditional Greek Yogurt,$5.18,$0.16/oz,$5.18 ($0.16 / oz),standard_price,in_stock,success
20260515_145804,2026-05-15 20:41:56,HEB,48,"yogurt, greek, plain, nonfat, organic, stonyfield organic",https://www.heb.com/product-detail/stonyfield-organic-16g-protein-nonfat-greek-yogurt-plain-32-oz/1501682,Stonyfield Organic 16g Protein Nonfat Greek Yogurt - Plain,$7.98,$0.25/oz,$7.98 ($0.25 / oz),standard_price,in_stock,success
20260515_145804,2026-05-15 20:54:14,HEB,49,"yogurt, greek, plain, whole, organic, stonyfield organic",https://www.heb.com/product-detail/stonyfield-organic-16g-protein-nonfat-greek-yogurt-plain-32-oz/1501682,Stonyfield Organic 16g Protein Nonfat Greek Yogurt - Plain,$7.98,$0.25/oz,$7.98 ($0.25 / oz),standard_price,in_stock,success
20260515_145804,2026-05-15 20:59:35,HEB,50,"yogurt, greek, plain, whole",https://www.heb.com/product-detail/h-e-b-17g-protein-whole-milk-greek-yogurt-plain-32-oz/12016560,H‑E‑B 17g Protein Whole Milk Greek Yogurt - Plain,$5.38,$0.17/oz,$5.38 ($0.17 / oz),standard_price,in_stock,success
20260515_145804,2026-05-15 21:08:26,HEB,52,"yogurt, low fat, strawberry, cups, yoplait original",https://www.heb.com/product-detail/yoplait-original-low-fat-strawberry-yogurt-8-ct/668254,Yoplait Original Low-Fat Strawberry Yogurt,$4.96,$0.10/oz,$4.96 ($0.10 / oz),standard_price,in_stock,success
20260515_145804,2026-05-15 21:16:38,HEB,53,"yogurt, low fat, strawberry, tub, yoplait",https://www.heb.com/product-detail/yoplait-original-low-fat-strawberry-yogurt-2-lb/1849548,Yoplait Original Low-Fat Strawberry Yogurt,$3.27,$0.10/oz,$3.27 ($0.10 / oz),standard_price,in_stock,success
20260515_145804,2026-05-15 21:32:15,HEB,54,"yogurt, high protein, greek, strawberry, cups, oikos",https://www.heb.com/product-detail/oikos-pro-20g-protein-greek-nbsp-yogurt-strawberry-4-ct/11288511,Oikos Pro 20g Protein Greek Yogurt - Strawberry,$5.97,$0.28/oz,$5.97 ($0.28 / oz),standard_price,in_stock,success
20260515_145804,2026-05-15 21:41:07,HEB,55,"yogurt, low fat, strawberry, cups",https://www.heb.com/product-detail/h-e-b-blended-strawberry-low-fat-yogurt-4-ct/1027272,H‑E‑B Blended Strawberry Low-Fat Yogurt,$1.68,$0.10/oz,$1.68 ($0.10 / oz),standard_price,in_stock,success
20260515_145804,2026-05-15 21:53:05,HEB,56,"yogurt, greek, nonfat, strawberry, cups",https://www.heb.com/product-detail/h-e-b-12g-protein-nonfat-greek-yogurt-strawberry-on-the-bottom-4-ct/1846702,H‑E‑B 12g Protein Nonfat Greek Yogurt - Strawberry on the Bottom,$3.48,$0.16/oz,$3.48 ($0.16 / oz),standard_price,in_stock,success
20260515_145804,2026-05-15 21:58:57,HEB,57,"yogurt, greek, nonfat, strawberry, tub, chobani",https://www.heb.com/product-detail/chobani-greek-non-fat-strawberry-blended-yogurt/1592760,Chobani Greek Non-Fat Strawberry Blended Yogurt,$5.97,$0.17/oz,$5.97 ($0.17 / oz),standard_price,in_stock,success
20260515_221424,2026-05-15 22:14:25,HEB,58,"yogurt, greek, nonfat, strawberry, cups, light + fit",https://www.heb.com/product-detail/light-fit-nonfat-greek-4-pk-yogurt-strawberry-5-3-oz/1588555,Light + Fit Nonfat Greek 4 pk Yogurt - Strawberry,$4.22,$0.20/oz,$4.22 ($0.20 / oz),standard_price,in_stock,success
20260515_221424,2026-05-15 22:17:43,HEB,59,"yogurt, low-fat, vanilla, tub",https://www.heb.com/product-detail/h-e-b-blended-vanilla-low-fat-yogurt-32-oz/1142099,H‑E‑B Blended Vanilla Low-Fat Yogurt,$2.98,$0.09/oz,$2.98 ($0.09 / oz),standard_price,in_stock,success
20260515_221424,2026-05-15 22:22:06,HEB,60,"yogurt, greek, nonfat, vanilla, tub",https://www.heb.com/product-detail/h-e-b-14g-protein-nonfat-greek-yogurt-vanilla-32-oz/1715581,H‑E‑B 14g Protein Nonfat Greek Yogurt - Vanilla,$4.88,$0.15/oz,$4.88 ($0.15 / oz),standard_price,in_stock,success
20260515_221424,2026-05-15 22:31:35,HEB,61,"yogurt, greek, nonfat, vanilla, cups",https://www.heb.com/product-detail/h-e-b-13g-protein-greek-100-calories-nonfat-yogurt-vanilla-bean-4-ct/1846742,H‑E‑B 13g Protein Greek 100 Calories Nonfat Yogurt - Vanilla Bean,$3.48,$0.16/oz,$3.48 ($0.16 / oz),standard_price,in_stock,success
20260515_221424,2026-05-15 22:34:53,HEB,62,"yogurt, greek, nonfat, vanilla, tub, chobani",https://www.heb.com/product-detail/chobani-non-fat-vanilla-blended-greek-yogurt-32-oz/1502147,Chobani Non-Fat Vanilla Blended Greek Yogurt,$5.97,$0.17/oz,$5.97 ($0.17 / oz),standard_price,in_stock,success
20260515_221424,2026-05-15 22:36:45,HEB,63,"nonfat greek yogurt, vanilla, cups, chobani",https://www.heb.com/product-detail/chobani-non-fat-vanilla-blended-greek-yogurt-4-ct/1699723,Chobani Non-Fat Vanilla Blended Greek Yogurt,$4.67,$0.20/oz,$4.67 ($0.20 / oz),standard_price,in_stock,success
20260515_221424,2026-05-15 22:41:17,HEB,64,"yogurt, greek, nonfat, vanilla, cups, light + fit",https://www.heb.com/product-detail/light-fit-nonfat-greek-4-pk-yogurt-vanilla-5-3-oz/1642042,Light + Fit Nonfat Greek 4 pk Yogurt - Vanilla,$4.22,$0.20/oz,$4.22 ($0.20 / oz),standard_price,in_stock,success
20260515_221424,2026-05-15 22:42:29,HEB,65,"yogurt, greek, nonfat, vanilla, tub, light + fit",https://www.heb.com/product-detail/light-fit-vanilla-greek-nonfat-yogurt-32-oz/1898895,Light + Fit Vanilla Greek Nonfat Yogurt,$5.48,$0.17/oz,$5.48 ($0.17 / oz),standard_price,in_stock,success
20260515_221424,2026-05-15 22:44:52,HEB,66,"yogurt, high protein, greek, vanilla, tub, chobani",https://www.heb.com/product-detail/chobani-20g-protein-low-fat-vanilla-greek-yogurt-32-oz/15427071,Chobani 20G Protein Low-Fat Vanilla Greek Yogurt,$6.77,$0.21/oz,$6.77 ($0.21 / oz),standard_price,in_stock,success
20260515_221424,2026-05-15 22:54:05,HEB,66,"yogurt, high protein, greek, vanilla, cups, chobani",https://www.heb.com/product-detail/chobani-20g-protein-low-fat-vanilla-greek-yogurt-4-ct/15426521,Chobani 20G Protein Low-Fat Vanilla Greek Yogurt,$6.42,$0.24/oz,$6.42 ($0.24 / oz),standard_price,in_stock,success
20260515_221424,2026-05-15 23:03:16,HEB,69,"vegan yogurt, coconut base, vanilla, tub, so delicious",https://www.heb.com/product-detail/so-delicious-dairy-free-unsweet-coconut-milk-yogurt-alternative-vanilla-24-oz/6415523,So Delicious Dairy Free Unsweet Coconut Milk Yogurt Alternative - Vanilla,$5.84,$0.24/oz,$5.84 ($0.24 / oz),standard_price,in_stock,success
20260515_221424,2026-05-15 23:13:13,HEB,70,"vegan yogurt, coconut base, vanilla, cup, so delicious",https://www.heb.com/product-detail/so-delicious-dairy-free-coconutmilk-yogurt-alternative-vanilla-4-pk/3099026,So Delicious Dairy Free Coconutmilk Yogurt Alternative - Vanilla,$5.83,,$5.83,standard_price,in_stock,success
20260515_221424,2026-05-15 23:20:11,HEB,72,"vegan yogurt, coconut based, plain, higher harvest",https://www.heb.com/product-detail/higher-harvest-by-h-e-b-dairy-free-coconut-based-yogurt-unsweetened-plain-24-oz/4284518,Higher Harvest by H‑E‑B Dairy Free Coconut-Based Yogurt – Unsweetened Plain,$5.08,$0.21/oz,$5.08 ($0.21 / oz),standard_price,in_stock,success
20260515_221424,2026-05-15 23:24:46,HEB,73,"vegan yogurt, soy base, vanilla, cup, silk",https://www.heb.com/product-detail/silk-soymilk-yogurt-alternative-vanilla-5-3-oz/1870035,Silk Soymilk Yogurt Alternative - Vanilla,$1.66,$0.31/oz,$1.66 ($0.31 / oz),standard_price,in_stock,success
20260515_221424,2026-05-15 23:31:18,HEB,74,"vegan yogurt, coconut base, strawberry, cup, so delicious",https://www.heb.com/product-detail/so-delicious-coconut-milk-yogurt-alternative-strawberry-banana-5-3-oz/1968380,So Delicious Coconut Milk Yogurt Alternative - Strawberry Banana,$1.82,$0.34/oz,$1.82 ($0.34 / oz),standard_price,in_stock,success
20260515_221424,2026-05-15 23:37:50,HEB,75,"vegan yogurt, soy base, strawberry, cup, silk",https://www.heb.com/product-detail/silk-soymilk-yogurt-alternative-strawberry-5-3-oz/1848317,Silk Soymilk Yogurt Alternative - Strawberry,$1.66,$0.31/oz,$1.66 ($0.31 / oz),standard_price,in_stock,success
20260516_080535,2026-05-16 08:05:35,HEB,76,"vegan greek yogurt, soy base, strawberry, cup, silk",https://www.heb.com/product-detail/silk-coconut-milk-greek-style-yogurt-alternative-strawberry-5-3-oz/5593079,Silk Coconut Milk Greek Style Yogurt Alternative - Strawberry,$1.98,$0.37/oz,$1.98 ($0.37 / oz),standard_price,in_stock,success
20260516_080734,2026-05-16 08:09:20,HEB,77,"vegan yogurt, cashew base, vanilla, tub, forager project",https://www.heb.com/product-detail/forager-project-organic-cashewmilk-yogurt-unsweetened-vanilla-bean-24-oz/5477508,Forager Project Organic Cashewmilk Yogurt - Unsweetened Vanilla Bean,$6.26,$0.26/oz,$6.26 ($0.26 / oz),standard_price,in_stock,success
20260516_081306,2026-05-16 08:13:06,HEB,78,"vegan sour cream, cashew base, forager project",https://www.heb.com/product-detail/forager-project-organic-dairy-free-sour-cream-12-oz/3460100,Forager Project Organic Dairy Free Sour Cream,$4.58,$0.38/oz,$4.58 ($0.38 / oz),standard_price,in_stock,success
20260516_081306,2026-05-16 08:21:37,HEB,79,"milk, whole, gallon",https://www.heb.com/product-detail/h-e-b-whole-milk-1-gal/314130,H‑E‑B Whole Milk,$4.10,$0.03/oz,$4.10 ($0.03 / oz),standard_price,in_stock,success
20260516_081306,2026-05-16 08:32:01,HEB,80,"milk, 2%, gallon",https://www.heb.com/product-detail/h-e-b-reduced-fat-2-milk-1-gal/314125,H‑E‑B Reduced Fat 2% Milk,$4.10,$0.03/oz,$4.10 ($0.03 / oz),standard_price,in_stock,success
20260516_081306,2026-05-16 08:35:05,HEB,81,"milk, fat-free",https://www.heb.com/product-detail/h-e-b-fat-free-milk-1-gal/314132,H‑E‑B Fat-Free Milk,$4.10,$0.03/oz,$4.10 ($0.03 / oz),standard_price,in_stock,success
20260516_083801,2026-05-16 08:42:03,HEB,82,"milk, fat-free, horizon",https://www.heb.com/product-detail/horizon-organic-0-fat-free-milk-1-2-gal/946516,Horizon Organic 0% Fat Free Milk,$5.96,$0.09/oz,$5.96 ($0.09 / oz),standard_price,in_stock,success
20260516_090006,2026-05-16 09:01:23,HEB,83,"milk, whole, organic",https://www.heb.com/product-detail/central-market-organics-whole-milk-1-gal/931316,Central Market Organics Whole Milk,$7.78,$0.05/oz,$7.78 ($0.05 / oz),standard_price,in_stock,success
20260516_090006,2026-05-16 09:08:54,HEB,84,"milk, whole, horizon",https://www.heb.com/product-detail/horizon-organic-whole-milk-1-2-gal/946515,Horizon Organic Whole Milk,$5.96,$0.09/oz,$5.96 ($0.09 / oz),standard_price,in_stock,success
20260516_090006,2026-05-16 09:13:06,HEB,85,"milk, 2%, horizon, dha",https://www.heb.com/product-detail/horizon-organic-2-reduced-fat-dha-omega-3-milk-1-2-gal/1049912,Horizon Organic 2% Reduced Fat DHA Omega-3 Milk,$6.46,$0.10/oz,$6.46 ($0.10 / oz),standard_price,in_stock,success
20260516_090006,2026-05-16 09:20:44,HEB,86,"milk, 2%, organic",https://www.heb.com/product-detail/central-market-organics-2-reduced-fat-milk-1-gal/931317,Central Market Organics 2% Reduced Fat Milk,$7.78,$0.05/oz,$7.78 ($0.05 / oz),standard_price,in_stock,success
20260516_090006,2026-05-16 09:23:10,HEB,87,"milk, whole, organic",https://www.heb.com/product-detail/central-market-organics-whole-milk-1-gal/931316,Central Market Organics Whole Milk,$7.78,$0.05/oz,$7.78 ($0.05 / oz),standard_price,in_stock,success
20260516_090006,2026-05-16 09:50:07,HEB,88,"milk, fat-free, organic",https://www.heb.com/product-detail/central-market-organics-fat-free-milk-1-2-gal/690989,Central Market Organics Fat Free Milk,$4.04,$0.06/oz,$4.04 ($0.06 / oz),standard_price,in_stock,success
20260516_090006,2026-05-16 09:54:51,HEB,89,"milk, fat-free, lactose free, fairlife",https://www.heb.com/product-detail/fairlife-lactose-free-fat-free-ultra-filtered-milk-52-oz/1838033,Fairlife Lactose Free Fat Free Ultra-Filtered Milk,$5.32,$0.10/oz,$5.32 ($0.10 / oz),standard_price,in_stock,success
20260516_090006,2026-05-16 10:01:37,HEB,90,"milk, 2%, lactose free, fairlife",https://www.heb.com/product-detail/fairlife-lactose-free-2-reduced-fat-ultra-filtered-milk-52-oz/1838031,Fairlife Lactose Free 2% Reduced Fat Ultra-Filtered Milk,$5.32,$0.10/oz,$5.32 ($0.10 / oz),standard_price,in_stock,success
20260516_090006,2026-05-16 10:05:03,HEB,91,"milk, whole, lactose free, fairlife",https://www.heb.com/product-detail/fairlife-lactose-free-whole-ultra-filtered-milk/1838036,Fairlife Lactose Free Whole Ultra-Filtered Milk,$5.32,$0.10/oz,$5.32 ($0.10 / oz),standard_price,in_stock,success
20260516_090006,2026-05-16 10:10:11,HEB,92,"oat milk, unsweetened, planet oat",https://www.heb.com/product-detail/planet-oat-unsweetened-original-oat-milk-52-oz/5467074,Planet Oat Unsweetened Original Oat Milk,$3.38,$0.07/oz,$3.38 ($0.07 / oz),standard_price,in_stock,success
20260516_090006,2026-05-16 10:15:20,HEB,93,"oat milk, sweetened, oatly",https://www.heb.com/product-detail/oatly-the-original-oat-milk-1-2-gal/2242160,Oatly The Original Oat Milk,$5.27,$0.08/oz,$5.27 ($0.08 / oz),standard_price,in_stock,success
20260516_090006,2026-05-16 10:21:34,HEB,94,"soy milk, unsweetened, silk",https://www.heb.com/product-detail/silk-organic-unsweetened-soymilk-1-2-gal/632482,Silk Organic Unsweetened Soymilk,$3.97,$0.06/oz,$3.97 ($0.06 / oz),standard_price,in_stock,success
20260516_090006,2026-05-16 10:26:24,HEB,96,"almond milk, unsweetened, silk",https://www.heb.com/product-detail/silk-unsweetened-almond-milk-1-2-gal/1428405,Silk Unsweetened Almond Milk,$3.47,$0.05/oz,$3.47 ($0.05 / oz),standard_price,in_stock,success
20260516_090006,2026-05-16 10:32:17,HEB,97,"almond milk, unsweetened",https://www.heb.com/product-detail/higher-harvest-by-h-e-b-non-dairy-unsweetened-original-almond-milk-1-2-gal/9299509,Higher Harvest by H‑E‑B Non-Dairy Unsweetened Original Almond Milk,$2.98,$0.05/floz,$2.98 ($0.05 / fl oz),standard_price,in_stock,success
20260516_090006,2026-05-16 10:35:36,HEB,98,"soy milk, sweetened, high protein, silk",https://www.heb.com/product-detail/silk-13g-protein-milk-original-48-oz/15995520,Silk 13g Protein Milk - Original,$4.97,$0.10/oz,$4.97 ($0.10 / oz),standard_price,in_stock,success
20260516_090006,2026-05-16 10:43:12,HEB,99,"coconut milk, unsweetened, silk",https://www.heb.com/product-detail/silk-unsweetened-coconut-milk-1-2-gal/1754969,Silk Unsweetened Coconut Milk,$4.64,$0.07/oz,$4.64 ($0.07 / oz),standard_price,in_stock,success
20260516_090006,2026-05-16 10:46:54,HEB,100,"coconut milk, unsweetened",https://www.heb.com/product-detail/higher-harvest-by-h-e-b-non-dairy-unsweetened-original-coconut-milk-1-2-gal/9299520,Higher Harvest by H‑E‑B Non-Dairy Unsweetened Original Coconut Milk,$3.35,$0.05/floz,$3.35 ($0.05 / fl oz),standard_price,in_stock,success
20260516_090006,2026-05-16 10:51:30,HEB,101,"almond milk, unsweetened, vanilla, almond breeze",https://www.heb.com/product-detail/blue-diamond-almond-breeze-original-unsweetened-almond-milk-1-2-gal/1417091,Blue Diamond Almond Breeze Original Unsweetened Almond Milk,$3.67,$0.06/oz,$3.67 ($0.06 / oz),standard_price,in_stock,success
20260516_090006,2026-05-16 10:55:59,HEB,102,"almond milk, unsweetened, vanilla",https://www.heb.com/product-detail/higher-harvest-by-h-e-b-non-dairy-unsweetened-vanilla-almond-milk-1-2-gal/9296133,Higher Harvest by H‑E‑B Non-Dairy Unsweetened Vanilla Almond Milk,$2.98,$0.05/floz,$2.98 ($0.05 / fl oz),standard_price,in_stock,success
20260516_090006,2026-05-16 11:05:37,HEB,103,"cottage cheese, 2%, daisy pure",https://www.heb.com/product-detail/daisy-small-curd-2-milkfat-low-fat-cottage-cheese-16-oz/977113,Daisy Small Curd 2% Milkfat Low Fat Cottage Cheese,$3.54,$0.22/oz,$3.54 ($0.22 / oz),standard_price,in_stock,success
20260516_090006,2026-05-16 11:09:02,HEB,104,"cottage cheese, 2%",https://www.heb.com/product-detail/hill-country-fare-2-lowfat-small-curd-cottage-cheese-24-oz/3735526,Hill Country Fare 2% Lowfat Small Curd Cottage Cheese,$2.85,$0.12/oz,$2.85 ($0.12 / oz),standard_price,out_of_stock,success
20260516_090006,2026-05-16 11:13:17,HEB,105,"cottage cheese, 4%, daisy pure",https://www.heb.com/product-detail/daisy-small-curd-4-milkfat-minimum-cottage-cheese-16-oz/977111,Daisy Small Curd 4% Milkfat Minimum Cottage Cheese,$3.54,$0.22/oz,$3.54 ($0.22 / oz),standard_price,in_stock,success
20260516_090006,2026-05-16 11:17:58,HEB,106,,https://www.heb.com/product-detail/hill-country-fare-4-small-curd-cottage-cheese-24-oz/3735530,Hill Country Fare 4% Small Curd Cottage Cheese,$2.85,$0.12/oz,$2.85 ($0.12 / oz),standard_price,out_of_stock,success
20260516_090006,2026-05-16 11:23:22,HEB,107,"butter, unsalted",https://www.heb.com/product-detail/h-e-b-sweet-cream-unsalted-butter-sticks-4-ct/310756,H‑E‑B Sweet Cream Unsalted Butter Sticks,$3.98,$0.24/oz,$3.98 ($0.24 / oz),standard_price,in_stock,success
20260516_090006,2026-05-16 11:25:30,HEB,108,"butter, unsalted, kerrygold",https://www.heb.com/product-detail/kerrygold-unsalted-pure-irish-butter-sticks-4-ct/15349029,Kerrygold Unsalted Pure Irish Butter Sticks,$10.98,$0.69/oz,$10.98 ($0.69 / oz),standard_price,unavailable,success
20260516_090006,2026-05-16 11:30:35,HEB,109,"vegan butter, salted, country crock",https://www.heb.com/product-detail/country-crock-dairy-free-unsalted-plant-butter-sticks-4-ct/15443534,Country Crock Dairy Free Unsalted Plant Butter Sticks,$3.47,$0.22/oz,$3.47 ($0.22 / oz),standard_price,unavailable,success
20260516_090006,2026-05-16 11:33:59,HEB,110,"vegan butter, salted, earth balance",https://www.heb.com/product-detail/earth-balance-original-buttery-spread-15-oz/477544,Earth Balance Original Buttery Spread,$3.98,$0.27/oz,$3.98 ($0.27 / oz),standard_price,in_stock,success
20260516_090006,2026-05-16 11:41:02,HEB,112,"vegan cheese, cheddar, shredded",https://www.heb.com/product-detail/higher-harvest-by-h-e-b-plant-based-shredded-cheddar-cheese-7-oz/12467516,Higher Harvest by H‑E‑B Plant Based Shredded Cheddar Cheese,$3.46,$0.49/oz,$3.46 ($0.49 / oz),standard_price,in_stock,success
20260516_090006,2026-05-16 11:45:16,HEB,113,"vegan cheese, cheddar, shredded, violife",https://www.heb.com/product-detail/violife-just-like-cheddar-shreds-dairy-free-cheese-alternative-8-oz/2849095,Violife Just Like Cheddar Shreds Dairy Free Cheese Alternative,$4.97,$0.62/oz,$4.97 ($0.62 / oz),standard_price,in_stock,success
20260516_090006,2026-05-16 11:51:31,HEB,114,"vegan cheese, cheddar, shredded, daiya",https://www.heb.com/product-detail/daiya-dairy-free-cheddar-style-cheese-shreds/1484649,Daiya Dairy Free Cheddar Style Cheese Shreds,$4.99,$0.70/oz,$4.99 ($0.70 / oz),standard_price,in_stock,success
20260516_090006,2026-05-16 11:56:39,HEB,115,"cheese, mild cheddar, shredded",https://www.heb.com/product-detail/h-e-b-mild-cheddar-shredded-cheese-8-oz/127182,H‑E‑B Mild Cheddar Shredded Cheese,$2.98,$0.35/oz,$2.98 ($0.35 / oz),standard_price,in_stock,success
20260516_090006,2026-05-16 12:05:16,HEB,116,"cheese, mild cheddar, shredded, kraft",https://www.heb.com/product-detail/hill-country-fare-mild-cheddar-shredded-cheese-8-oz/947306,Hill Country Fare Mild Cheddar Shredded Cheese,$1.97,$0.25/oz,$1.97 ($0.25 / oz),standard_price,in_stock,success
20260516_090006,2026-05-16 12:10:40,HEB,117,"vegan cheese, mozzarella, shredded",https://www.heb.com/product-detail/higher-harvest-by-h-e-b-plant-based-mozzarella-cheese-shreds-7-oz/12467519,Higher Harvest by H‑E‑B Plant Based Mozzarella Cheese Shreds,$3.46,$0.49/oz,$3.46 ($0.49 / oz),standard_price,in_stock,success
20260516_090006,2026-05-16 12:15:57,HEB,118,"vegan cheese, mozzarella, shredded, violife",https://www.heb.com/product-detail/violife-just-like-mozzarella-shreds-dairy-free-cheese-alternative-8-oz/2849110,Violife Just Like Mozzarella Shreds Dairy Free Cheese Alternative,$4.97,$0.62/oz,$4.97 ($0.62 / oz),standard_price,in_stock,success
20260516_090006,2026-05-16 12:19:41,HEB,119,"vegan cheese, mozzarella, shredded, daiya",https://www.heb.com/product-detail/daiya-dairy-free-mozzarella-style-cheese-shreds/1484650,Daiya Dairy Free Mozzarella Style Cheese Shreds,$4.99,$0.70/oz,$4.99 ($0.70 / oz),standard_price,in_stock,success
20260516_090006,2026-05-16 12:26:39,HEB,120,"cheese, mozzarella, low moisture, part skim, shredded",https://www.heb.com/product-detail/h-e-b-low-moisture-part-skim-mozzarella-shredded-cheese-16-oz/947308,H‑E‑B Low Moisture Part-Skim Mozzarella Shredded Cheese,$4.99,$0.31/oz,$4.99 ($0.31 / oz),standard_price,in_stock,success
20260516_090006,2026-05-16 12:31:53,HEB,121,"cheese, mozzarella, low moisture, part skim, shredded, kraft",https://www.heb.com/product-detail/kraft-low-moisture-part-skim-mozzarella-shredded-cheese-8-oz/81320,Kraft Low Moisture Part-Skim Mozzarella Shredded Cheese,$2.98,$0.37/oz,$2.98 ($0.37 / oz),standard_price,in_stock,success
20260516_090006,2026-05-16 12:38:37,HEB,122,"cheese, medium cheddar, block, tillamook",https://www.heb.com/product-detail/tillamook-medium-cheddar-cheese-16-oz/492373,Tillamook Medium Cheddar Cheese,$6.97,$0.44/oz,$6.97 ($0.44 / oz),standard_price,in_stock,success
20260516_090006,2026-05-16 12:43:51,HEB,123,"cheese, medium cheddar, block",https://www.heb.com/product-detail/h-e-b-medium-cheddar-cheese-8-oz/127206,H‑E‑B Medium Cheddar Cheese,$2.98,$0.35/oz,$2.98 ($0.35 / oz),standard_price,in_stock,success
20260516_090006,2026-05-16 12:51:19,HEB,124,"cheese, medium cheddar, block, kraft",https://www.heb.com/product-detail/h-e-b-medium-cheddar-cheese-8-oz/127206,H‑E‑B Medium Cheddar Cheese,$2.98,$0.35/oz,$2.98 ($0.35 / oz),standard_price,in_stock,success
20260516_090006,2026-05-16 12:54:15,HEB,125,"cheese, mozzarella, block",https://www.heb.com/product-detail/h-e-b-low-moisture-part-skim-mozzarella-cheese-8-oz/127554,H‑E‑B Low Moisture Part-Skim Mozzarella Cheese,$2.98,$0.35/oz,$2.98 ($0.35 / oz),standard_price,in_stock,success
20260516_090006,2026-05-16 13:02:18,HEB,126,"cream cheese, philadelphia",https://www.heb.com/product-detail/philadelphia-original-cream-cheese-8-oz/81235,Philadelphia Original Cream Cheese,$2.98,$0.37/oz,$2.98 ($0.37 / oz),standard_price,in_stock,success
20260516_090006,2026-05-16 13:06:19,HEB,127,cream cheese,https://www.heb.com/product-detail/h-e-b-regular-cream-cheese-8-oz/127578,H‑E‑B Regular Cream Cheese,$2.30,$0.25/oz,$2.30 ($0.25 / oz),standard_price,in_stock,success
20260516_090006,2026-05-16 13:12:05,HEB,128,"cream cheese, organic",https://www.heb.com/product-detail/h-e-b-organics-cream-cheese-brick-8-oz/1730476,H‑E‑B Organics Cream Cheese Brick,$2.98,$0.37/oz,$2.98 ($0.37 / oz),standard_price,in_stock,success
20260516_090006,2026-05-16 13:16:19,HEB,129,"vegan cream cheese, plain, kite hill",https://www.heb.com/product-detail/kite-hill-dairy-free-plain-cream-cheese-8-oz/2095368,Kite Hill Dairy Free Plain Cream Cheese,$5.89,$0.74/oz,$5.89 ($0.74 / oz),standard_price,in_stock,success
20260516_090006,2026-05-16 13:23:23,HEB,130,"vegan cream cheese, garlic and herbs, boursin",https://www.heb.com/product-detail/boursin-dairy-free-cheese-spread-alternative-garlic-herbs-6-oz/4807004,Boursin Dairy Free Cheese Spread Alternative - Garlic & Herbs,$5.46,$0.91/oz,$5.46 ($0.91 / oz),standard_price,in_stock,success
20260516_090006,2026-05-16 13:28:22,HEB,131,"tofu, extra firm, organic, nasoya",https://www.heb.com/product-detail/nasoya-vacuum-packed-super-firm-organic-tofu-16-00-oz/15245022,Nasoya Vacuum Packed Super Firm Organic Tofu,$3.42,$0.21/oz,$3.42 ($0.21 / oz),standard_price,in_stock,success
20260516_090006,2026-05-16 13:33:21,HEB,133,"tofu, extra firm, banyan foods",https://www.heb.com/product-detail/banyan-foods-extra-firm-tofu-16-oz/319703,Banyan Foods Extra Firm Tofu,$2.49,$0.16/oz,$2.49 ($0.16 / oz),standard_price,in_stock,success
20260516_090006,2026-05-16 13:37:18,HEB,134,"tofu,extra firm, mori-nu",https://www.heb.com/product-detail/mori-nu-shelf-stable-silken-tofu-extra-firm-10-9-oz/319360,Mori-Nu Shelf Stable Silken Tofu - Extra Firm,$2.38,$0.22/oz,$2.38 ($0.22 / oz),standard_price,in_stock,success
20260516_090006,2026-05-16 13:45:29,HEB,135,"tofu, firm, organic",https://www.heb.com/product-detail/h-e-b-organics-firm-tofu-14-oz/5772504,H‑E‑B Organics Firm Tofu,$1.99,$0.14/oz,$1.99 ($0.14 / oz),standard_price,in_stock,success
20260516_090006,2026-05-16 13:47:31,HEB,136,"tofu, extra firm, organic",https://www.heb.com/product-detail/h-e-b-organics-extra-firm-tofu-14-oz/5772505,H‑E‑B Organics Extra Firm Tofu,$1.99,$0.14/oz,$1.99 ($0.14 / oz),standard_price,in_stock,success
20260516_090006,2026-05-16 13:55:36,HEB,137,"tofu, silken, organic, nasoya",https://www.heb.com/product-detail/nasoya-organic-silken-tofu-16-oz/1555617,Nasoya Organic Silken Tofu,$3.49,$0.22/oz,$3.49 ($0.22 / oz),standard_price,in_stock,success
20260516_090006,2026-05-16 13:58:14,HEB,138,"vegan ground beef, gardein",https://www.heb.com/product-detail/gardein-vegan-frozen-gluten-free-plant-based-ground-be-f-crumbles-13-7-oz/1762746,Gardein Vegan Frozen Gluten Free Plant Based Ground Be'f Crumbles,$4.92,$0.36/oz,$4.92 ($0.36 / oz),standard_price,in_stock,success
20260516_090006,2026-05-16 14:07:03,HEB,139,"tofu, soy free, big mountain",https://www.heb.com/product-detail/big-mountain-original-soy-free-tofu-12-oz/5823004,Big Mountain Original Soy-free Tofu,$5.49,$0.46/oz,$5.49 ($0.46 / oz),standard_price,in_stock,success
20260516_090006,2026-05-16 14:10:02,HEB,140,"tofu, miso, organic, hodo",https://www.heb.com/product-detail/hodo-organic-miso-tofu-8-oz/16437036,Hodo Organic Miso Tofu,$4.99,$0.62/oz,$4.99 ($0.62 / oz),standard_price,in_stock,success
20260516_090006,2026-05-16 14:19:06,HEB,141,"tempeh, lightlife",https://www.heb.com/product-detail/lightlife-tempeh-plant-based-superfood-original-8-oz/319901,Lightlife Tempeh Plant-Based Superfood - Original,$4.19,$0.52/oz,$4.19 ($0.52 / oz),standard_price,in_stock,success
20260516_090006,2026-05-16 14:20:29,HEB,144,"vegan nuggets, impossible",https://www.heb.com/product-detail/impossible-chicken-nuggets-meat-from-plants-13-5-oz/6023037,Impossible Chicken Nuggets Meat from Plants,$7.16,$0.53/oz,$7.16 ($0.53 / oz),standard_price,in_stock,success
20260516_090006,2026-05-16 14:30:51,HEB,146,"vegan chicken pieces, eat just",https://www.heb.com/product-detail/just-meat-plant-based-chicken-original-8-oz/15335033,Just Meat Plant-based Chicken Original,$6.79,$0.61/oz,$6.79 ($0.61 / oz),standard_price,unavailable,success
20260516_090006,2026-05-16 14:33:10,HEB,147,chicken nuggets,https://www.heb.com/product-detail/hill-country-fare-heat-eat-frozen-breaded-chicken-nuggets-texas-size-pack-64-oz/6323008,Hill Country Fare Heat & Eat Frozen Breaded Chicken Nuggets - Texas-Size Pack,$10.89,$0.16/oz,$10.89 ($0.16 / oz),standard_price,in_stock,success
20260516_090006,2026-05-16 14:40:34,HEB,149,"vegan hot dogs, lightlife",https://www.heb.com/product-detail/lightlife-smart-dogs-plant-based-hot-dogs-8-ct/319891,Lightlife Smart Dogs Plant-Based Hot Dogs,$4.52,$0.38/oz,$4.52 ($0.38 / oz),standard_price,in_stock,success
20260516_090006,2026-05-16 14:42:36,HEB,150,"nutritional yeast, bobs red mill",https://www.heb.com/product-detail/bob-s-red-mill-large-flake-nutritional-yeast-5-oz/2377065,Bob's Red Mill Large Flake Nutritional Yeast,$5.98,$1.20/oz,$5.98 ($1.20 / oz),standard_price,in_stock,success
20260516_090006,2026-05-16 14:51:37,HEB,152,marshmallows,https://www.heb.com/product-detail/hill-country-fare-marshmallows-16-oz/127156,Hill Country Fare Marshmallows,$1.88,$0.12/oz,$1.88 ($0.12 / oz),standard_price,in_stock,success
20260516_090006,2026-05-16 14:54:02,HEB,153,"protein bar, barebells",https://www.heb.com/product-detail/barebells-20g-protein-bar-creamy-crisp-1-9-oz/10114044,Barebells 20g Protein Bar - Creamy Crisp,$2.82,$1.48/oz,$2.82 ($1.48 / oz),standard_price,in_stock,success
20260516_090006,2026-05-16 15:02:10,HEB,154,"protein bar, clif builders",https://www.heb.com/product-detail/clif-builders-20g-protein-bars-chocolate-mint-6-ct/1549213,Clif Builders 20g Protein Bars - Chocolate Mint,$9.98,$1.66/ct,$9.98 ($1.66 / ct),standard_price,in_stock,success
20260516_090006,2026-05-16 15:04:11,HEB,155,"vegan protein bar, trubar",https://www.heb.com/product-detail/trubar-oh-oh-cookie-dough-protein-bar-1-76-oz/13705011,TRUBAR Oh Oh Cookie Dough Protein Bar,$2.48,$1.41/oz,$2.48 ($1.41 / oz),standard_price,in_stock,success
20260516_090006,2026-05-16 15:10:15,HEB,156,"vegan protein bar, no cow",https://www.heb.com/product-detail/no-cow-dairy-free-21g-protein-bar-chocolate-chip-cookie-dough-2-12-oz/3730505,No Cow Dairy Free 21g Protein Bar - Chocolate Chip Cookie Dough,$2.89,$1.36/oz,$2.89 ($1.36 / oz),standard_price,in_stock,success
20260516_090006,2026-05-16 15:12:53,HEB,157,"protein powder, chocolate, optimum nutrition",https://www.heb.com/product-detail/optimum-nutrition-gold-standard-100-whey-24g-protein-powder-double-rich-chocolate-23-59-oz/13198011,Optimum Nutrition Gold Standard 100% Whey 24g Protein Powder - Double Rich Chocolate,$33.97,$1.44/oz,$33.97 ($1.44 / oz),standard_price,in_stock,success
20260516_090006,2026-05-16 15:20:55,HEB,159,"protein powder, chocolate, ancient nutrition",https://www.heb.com/product-detail/ancient-nutrition-whey-protein-milk-chocolate-22-8-oz/12641520,Ancient Nutrition Whey Protein - Milk Chocolate,$49.95,$2.19/oz,$49.95 ($2.19 / oz),standard_price,in_stock,success
20260516_090006,2026-05-16 15:23:12,HEB,160,"vegan protein, chocolate, organic, orgain",https://www.heb.com/product-detail/orgain-organic-21g-protein-powder-creamy-chocolate-fudge-2-03-lbs/1875633,Orgain Organic 21g Protein Powder - Creamy Chocolate Fudge,$29.97,$0.92/oz,$29.97 ($0.92 / oz),standard_price,in_stock,success
20260516_090006,2026-05-16 15:30:33,HEB,161,spinach,https://www.heb.com/product-detail/h-e-b-fresh-spinach-9-oz/1119798,H‑E‑B Fresh Spinach,$1.75,$0.19/oz,$1.75 ($0.19 / oz),standard_price,in_stock,success
20260516_090006,2026-05-16 15:32:42,HEB,162,baby spinach,https://www.heb.com/product-detail/h-e-b-fresh-baby-spinach-6-oz/984624,H‑E‑B Fresh Baby Spinach,$2.18,$0.36/oz,$2.18 ($0.36 / oz),standard_price,in_stock,success
20260516_090006,2026-05-16 15:41:53,HEB,163,"baby spinach, organic",https://www.heb.com/product-detail/h-e-b-organics-fresh-baby-spinach-5-oz/7497509,H‑E‑B Organics Fresh Baby Spinach,$2.59,$0.52/oz,$2.59 ($0.52 / oz),standard_price,in_stock,success
20260516_090006,2026-05-16 15:44:07,HEB,164,"spinach, frozen",https://www.heb.com/product-detail/h-e-b-frozen-chopped-spinach-16-oz/716418,H‑E‑B Frozen Chopped Spinach,$1.26,$0.08/oz,$1.26 ($0.08 / oz),standard_price,in_stock,success
20260516_090006,2026-05-16 15:53:36,HEB,165,"kale, organic",https://www.heb.com/product-detail/h-e-b-organics-kale-greens-12-oz/1790755,H‑E‑B Organics Kale Greens,$3.57,$0.30/oz,$3.57 ($0.30 / oz),standard_price,in_stock,success
20260516_090006,2026-05-16 15:55:59,HEB,167,broccoli florets,https://www.heb.com/product-detail/fresh-steamable-broccoli-florets-12-oz/1742409,Fresh Steamable Broccoli Florets,$2.47,$0.21/oz,$2.47 ($0.21 / oz),standard_price,out_of_stock,success
20260516_090006,2026-05-16 16:03:00,HEB,168,"broccoli florets, frozen",https://www.heb.com/product-detail/h-e-b-frozen-broccoli-florets-16-oz/293589,H‑E‑B Frozen Broccoli Florets,$1.48,$0.09/oz,$1.48 ($0.09 / oz),standard_price,in_stock,success
20260516_090006,2026-05-16 16:04:29,HEB,169,"broccoli florets, organic",https://www.heb.com/product-detail/fresh-organic-steamable-broccoli-florets-10-oz/1732637,Fresh Organic Steamable Broccoli Florets,$2.88,$0.29/oz,$2.88 ($0.29 / oz),standard_price,in_stock,success
20260516_090006,2026-05-16 16:10:54,HEB,170,brussels sprouts,https://www.heb.com/product-detail/fresh-brussels-sprouts-1-lb-bag/605648,Fresh Brussels Sprouts,$2.89,$0.18/oz,$2.89 ($0.18 / oz),standard_price,in_stock,success
20260516_090006,2026-05-16 16:12:25,HEB,171,"brussels sprouts, frozen",https://www.heb.com/product-detail/h-e-b-frozen-brussels-sprouts-16-oz/126619,H‑E‑B Frozen Brussels Sprouts,$1.98,$0.12/oz,$1.98 ($0.12 / oz),standard_price,in_stock,success
20260516_090006,2026-05-16 16:21:02,HEB,172,sweet potatoes,https://www.heb.com/product-detail/fresh-sweet-potatoes-avg-0-87-lb/318978,Fresh Sweet Potatoes,$0.99,$1.14/lb,$0.99 ($1.14 / lb),standard_price,in_stock,success
20260516_090006,2026-05-16 16:23:18,HEB,174,red potatoes,https://www.heb.com/product-detail/fresh-red-potatoes-size-a-avg-0-4-lb/318983,Fresh Red Potatoes - Size A,$0.59,$1.48/lb,$0.59 ($1.48 / lb),standard_price,in_stock,success
20260516_090006,2026-05-16 16:32:26,HEB,175,"red potatoes, organic",https://www.heb.com/product-detail/earth-fresh-organic-red-potatoes-2-lb-bag/14070012,Earth Fresh Organic Red Potatoes,$3.98,$0.12/oz,$3.98 ($0.12 / oz),standard_price,unavailable,success
20260516_090006,2026-05-16 16:35:15,HEB,176,"carrots, organic",https://www.heb.com/product-detail/h-e-b-organics-fresh-whole-carrots-2-lbs/1727272,H‑E‑B Organics Fresh Whole Carrots,$2.62,,$2.62,standard_price,in_stock,success
20260516_090006,2026-05-16 16:44:34,HEB,177,"baby carrots, organic",https://www.heb.com/product-detail/h-e-b-organics-fresh-petite-mini-carrots-12-oz/1727301,H‑E‑B Organics Fresh Petite Mini Carrots,$2.32,$0.19/oz,$2.32 ($0.19 / oz),standard_price,in_stock,success
20260516_090006,2026-05-16 16:47:21,HEB,178,carrots,https://www.heb.com/product-detail/fresh-carrots-avg-0-75-lb/319215,Fresh Carrots,$0.96,$1.28/lb,$0.96 ($1.28 / lb),standard_price,in_stock,success
20260516_090006,2026-05-16 16:55:35,HEB,179,baby carrots,https://www.heb.com/product-detail/h-e-b-fresh-baby-carrots-1-lb/4833574,H‑E‑B Fresh Baby Carrots,$1.05,$0.07/oz,$1.05 ($0.07 / oz),standard_price,in_stock,success
20260516_090006,2026-05-16 16:57:19,HEB,180,"pepper bell, red",https://www.heb.com/product-detail/fresh-red-bell-pepper/325164,Fresh Red Bell Pepper,$1.48,,$1.48,standard_price,in_stock,success
20260516_090006,2026-05-16 17:05:47,HEB,181,"pepper bell, green",https://www.heb.com/product-detail/fresh-green-bell-pepper/374700,Fresh Green Bell Pepper,$0.72,,$0.72,standard_price,in_stock,success
20260516_090006,2026-05-16 17:08:28,HEB,182,"tomato, roma",https://www.heb.com/product-detail/fresh-roma-tomato-avg-0-29-lb/318578,Fresh Roma Tomato,$0.33,$1.14/lb,$0.33 ($1.14 / lb),standard_price,in_stock,success
20260516_090006,2026-05-16 17:16:56,HEB,183,grape tomatoes,https://www.heb.com/product-detail/h-e-b-fresh-grape-tomatoes-10-oz/470980,H‑E‑B Fresh Grape Tomatoes,$2.27,$0.23/oz,$2.27 ($0.23 / oz),standard_price,in_stock,success
20260516_090006,2026-05-16 17:18:25,HEB,184,romaine lettuce,https://www.heb.com/product-detail/fresh-romaine-lettuce/660605,Fresh Romaine Lettuce,$2.14,,$2.14,standard_price,in_stock,success
20260516_090006,2026-05-16 17:25:13,HEB,185,"cucumbers, mini",https://www.heb.com/product-detail/h-e-b-fresh-mini-seedless-cucumbers-16-oz/4915012,H‑E‑B Fresh Mini Seedless Cucumbers,$1.97,$0.12/oz,$1.97 ($0.12 / oz),standard_price,in_stock,success
20260516_090006,2026-05-16 17:27:30,HEB,186,"cucumbers, mini, organic",https://www.heb.com/product-detail/h-e-b-organics-fresh-mini-seedless-cucumbers-16-oz/4915013,H‑E‑B Organics Fresh Mini Seedless Cucumbers,$2.95,$0.15/oz,$2.95 ($0.15 / oz),standard_price,in_stock,success
20260516_090006,2026-05-16 17:37:34,HEB,187,bananas,https://www.heb.com/product-detail/fresh-bunch-of-bananas-4-7-bananas-avg-2-4-lbs/377497,"Fresh Bunch of Bananas, 4-7 Bananas",$1.20,$0.50/lb,$1.20 ($0.50 / lb),standard_price,in_stock,success
20260516_090006,2026-05-16 17:40:45,HEB,188,"bananas, organic",https://www.heb.com/product-detail/fresh-bunch-of-organic-bananas-4-7-bananas-avg-2-425-lbs/320228,"Fresh Bunch of Organic Bananas, 4-7 Bananas",$1.79,$0.74/lb,$1.79 ($0.74 / lb),standard_price,in_stock,success
20260516_090006,2026-05-16 17:47:40,HEB,189,"bananas, frozen",https://www.heb.com/product-detail/h-e-b-frozen-banana-slices-24-oz/2495036,H‑E‑B Frozen Banana Slices,$3.48,$0.14/oz,$3.48 ($0.14 / oz),standard_price,in_stock,success
20260516_090006,2026-05-16 17:49:25,HEB,190,"apple, honeycrisp",https://www.heb.com/product-detail/honeycrisp-apples-avg-0-65-lb/466634,Honeycrisp Apples,$1.29,$1.77/lb,$1.29 ($1.77 / lb),standard_price,in_stock,success
20260516_205638,2026-05-16 20:56:38,HEB,191,"apple, honeycrisp, organic",https://www.heb.com/product-detail/fresh-organic-honeycrisp-apples-avg-0-65-lb/471244,Fresh Organic Honeycrisp Apples,$2.06,$3.17/lb,$2.06 ($3.17 / lb),standard_price,in_stock,success
20260516_205638,2026-05-16 21:01:44,HEB,192,blueberries,https://www.heb.com/product-detail/fresh-blueberries-11-oz/1146492,Fresh Blueberries,$4.69,$0.39/oz,$4.69 ($0.39 / oz),standard_price,in_stock,success
20260517_081838,2026-05-17 08:20:48,HEB,193,"blueberries, organic",https://www.heb.com/product-detail/fresh-organic-blueberries-11-oz/1589560,Fresh Organic Blueberries,$4.96,$0.45/oz,$4.96 ($0.45 / oz),standard_price,in_stock,success
20260517_081838,2026-05-17 08:25:12,HEB,194,"blueberries, frozen",https://www.heb.com/product-detail/h-e-b-frozen-blueberries-16-oz/126221,H‑E‑B Frozen Blueberries,$2.53,$0.16/oz,$2.53 ($0.16 / oz),standard_price,in_stock,success
20260517_081838,2026-05-17 08:30:05,HEB,195,"blueberries, frozen, organic",https://www.heb.com/product-detail/h-e-b-organics-frozen-blueberries-32-oz/1752982,H‑E‑B Organics Frozen Blueberries,$6.65,$0.21/oz,$6.65 ($0.21 / oz),standard_price,in_stock,success
20260517_081838,2026-05-17 08:36:34,HEB,196,strawberries,https://www.heb.com/product-detail/fresh-strawberries-1-lb/321286,Fresh Strawberries,$2.19,$0.14/oz,$2.19 ($0.14 / oz),standard_price,in_stock,success
20260517_101237,2026-05-17 10:15:49,HEB,197,"strawberries, organic",https://www.heb.com/product-detail/fresh-organic-strawberries-1-lb/527422,Fresh Organic Strawberries,$3.12,$0.20/oz,$3.12 ($0.20 / oz),standard_price,in_stock,success
20260517_101237,2026-05-17 10:28:28,HEB,198,"strawberries, frozen",https://www.heb.com/product-detail/h-e-b-frozen-whole-strawberries-16-oz/125408,H‑E‑B Frozen Whole Strawberries,$2.86,$0.18/oz,$2.86 ($0.18 / oz),standard_price,in_stock,success
20260517_101237,2026-05-17 10:31:26,HEB,199,raspberries,https://www.heb.com/product-detail/fresh-raspberries-6-oz/321289,Fresh Raspberries,$2.39,$0.40/oz,$2.39 ($0.40 / oz),standard_price,in_stock,success
20260517_101237,2026-05-17 10:39:24,HEB,200,"raspberries, organic",https://www.heb.com/product-detail/fresh-organic-raspberries-6-oz/320302,Fresh Organic Raspberries,$3.96,$0.66/oz,$3.96 ($0.66 / oz),standard_price,in_stock,success
20260517_101237,2026-05-17 10:44:05,HEB,201,"raspberries, frozen",https://www.heb.com/product-detail/h-e-b-frozen-raspberries-12-oz/125410,H‑E‑B Frozen Raspberries,$3.58,$0.30/oz,$3.58 ($0.30 / oz),standard_price,in_stock,success
20260517_101237,2026-05-17 10:50:09,HEB,202,blackberries,https://www.heb.com/product-detail/fresh-blackberries-6-oz/321290,Fresh Blackberries,$2.19,$0.36/oz,$2.19 ($0.36 / oz),standard_price,in_stock,success
20260517_101237,2026-05-17 10:54:24,HEB,203,"blackberries, organic",https://www.heb.com/product-detail/fresh-organic-blackberries-6-oz/660159,Fresh Organic Blackberries,$3.66,$0.61/oz,$3.66 ($0.61 / oz),standard_price,in_stock,success
20260517_101237,2026-05-17 11:02:12,HEB,204,cherries,https://www.heb.com/product-detail/fresh-cherries-1-lb/2029196,Fresh Cherries,$3.97,$0.25/oz,$3.97 ($0.25 / oz),standard_price,in_stock,success
20260517_101237,2026-05-17 11:07:41,HEB,205,"cherries, frozen",https://www.heb.com/product-detail/h-e-b-frozen-dark-sweet-cherries-16-oz/125423,H‑E‑B Frozen Dark Sweet Cherries,$3.98,$0.25/oz,$3.98 ($0.25 / oz),standard_price,in_stock,success
20260517_111022,2026-05-17 11:12:31,HEB,206,"mango, large",https://www.heb.com/product-detail/fresh-large-mango/321109,Fresh Large Mango,$1.25,,$1.25,standard_price,in_stock,success
20260517_111022,2026-05-17 11:21:18,HEB,207,"mango, frozen",https://www.heb.com/product-detail/h-e-b-frozen-mango-chunks-16-oz/8709028,H‑E‑B Frozen Mango Chunks,$3.38,$0.21/oz,$3.38 ($0.21 / oz),standard_price,in_stock,success
20260517_111022,2026-05-17 11:30:15,HEB,208,"avocado, hass",https://www.heb.com/product-detail/fresh-large-hass-avocado/318627,Fresh Large Hass Avocado,$1.78,,$1.78,standard_price,in_stock,success
20260517_111022,2026-05-17 11:36:43,HEB,210,"mushrooms, white, organic",https://www.heb.com/product-detail/h-e-b-organics-texas-roots-whole-white-mushrooms-8-oz/1854441,H‑E‑B Organics Texas Roots Whole White Mushrooms,$2.46,,$2.46,standard_price,in_stock,success
20260517_111022,2026-05-17 11:44:44,HEB,213,"watermelon, seedless, precut",https://www.heb.com/product-detail/h-e-b-fresh-cut-seedless-watermelon-large-avg-1-35-lbs/1196328,H‑E‑B Fresh Cut Seedless Watermelon - Large,$5.74,$4.25/lb,$5.74 ($4.25 / lb),standard_price,in_stock,success
20260517_111022,2026-05-17 11:52:52,HEB,214,pineapple,https://www.heb.com/product-detail/h-e-b-fresh-premium-pineapple/8630008,H‑E‑B Fresh Premium Pineapple,$4.48,,$4.48,standard_price,in_stock,success
20260517_111022,2026-05-17 12:06:55,HEB,215,"pineapple, precut",https://www.heb.com/product-detail/h-e-b-fresh-cut-pineapple-extra-large-avg-2-04-lbs/5279527,H‑E‑B Fresh Cut Pineapple - Extra Large,$8.12,$3.98/lb,$8.12 ($3.98 / lb),standard_price,in_stock,success
20260517_111022,2026-05-17 12:13:53,HEB,216,"pineapple, frozen",https://www.heb.com/product-detail/h-e-b-frozen-pineapple-chunks-16-oz/443390,H‑E‑B Frozen Pineapple Chunks,$2.57,$0.16/oz,$2.57 ($0.16 / oz),standard_price,in_stock,success
20260517_111022,2026-05-17 12:22:08,HEB,217,green beans,https://www.heb.com/product-detail/fresh-steamable-green-beans-12-oz/768344,Fresh Steamable Green Beans,$2.47,$0.21/oz,$2.47 ($0.21 / oz),standard_price,in_stock,success
20260517_111022,2026-05-17 12:30:10,HEB,218,"green beans, cut, canned",https://www.heb.com/product-detail/h-e-b-cut-green-beans-14-5-oz/127058,H‑E‑B Cut Green Beans,$0.88,$0.05/oz,$0.88 ($0.05 / oz),standard_price,in_stock,success
20260517_111022,2026-05-17 12:38:43,HEB,219,"green beans, cut, canned, organic",https://www.heb.com/product-detail/h-e-b-organics-cut-green-beans-14-5-oz/1705881,H‑E‑B Organics Cut Green Beans,$1.98,$0.09/oz,$1.98 ($0.09 / oz),standard_price,in_stock,success
20260517_111022,2026-05-17 12:45:30,HEB,220,"green beans, organic",https://www.heb.com/product-detail/fresh-organic-snipped-green-beans-family-pack-24-oz/8343512,Fresh Organic Snipped Green Beans - Family Pack,$6.98,$0.29/oz,$6.98 ($0.29 / oz),standard_price,in_stock,success
20260517_111022,2026-05-17 12:53:36,HEB,221,"green beans, frozen",https://www.heb.com/product-detail/h-e-b-frozen-cut-green-beans-16-oz/126880,H‑E‑B Frozen Cut Green Beans,$1.28,$0.08/oz,$1.28 ($0.08 / oz),standard_price,in_stock,success
20260517_111022,2026-05-17 12:59:56,HEB,222,asparagus,https://www.heb.com/product-detail/fresh-asparagus-bunch-avg-1-1-lbs/319073,Fresh Asparagus Bunch,$2.96,$2.69/lb,$2.96 ($2.69 / lb),standard_price,in_stock,success
20260517_111022,2026-05-17 13:07:47,HEB,223,"asparagus, organic",https://www.heb.com/product-detail/fresh-organic-asparagus-avg-1-1-lbs/320410,Fresh Organic Asparagus,$5.63,$5.12/lb,$5.63 ($5.12 / lb),standard_price,in_stock,success
20260517_111022,2026-05-17 13:15:46,HEB,226,butternut squash,https://www.heb.com/product-detail/fresh-butternut-squash-avg-3-175-lbs/318866,Fresh Butternut Squash,$3.14,$0.99/lb,$3.14 ($0.99 / lb),standard_price,in_stock,success
20260517_111022,2026-05-17 13:23:34,HEB,230,"cauliflower, florets",https://www.heb.com/product-detail/fresh-steamable-cauliflower-florets-10-oz/1790141,Fresh Steamable Cauliflower Florets,$2.06,$0.21/oz,$2.06 ($0.21 / oz),standard_price,in_stock,success
20260517_150421,2026-05-17 15:05:46,HEB,231,"cauliflower, florets, organic",https://www.heb.com/product-detail/fresh-organic-steamable-cauliflower-florets-8-oz/10274025,Fresh Organic Steamable Cauliflower Florets,$3.98,$0.50/oz,$3.98 ($0.50 / oz),standard_price,in_stock,success
20260517_150421,2026-05-17 15:12:23,HEB,232,"cauliflower, florets, frozen",https://www.heb.com/product-detail/h-e-b-frozen-cauliflower-florets-16-oz/126623,H‑E‑B Frozen Cauliflower Florets,$1.48,$0.09/oz,$1.48 ($0.09 / oz),standard_price,in_stock,success
20260517_150421,2026-05-17 15:19:34,HEB,233,"cauliflower, florets, frozen, organic",https://www.heb.com/product-detail/h-e-b-organics-steamable-cauliflower-florets-16-oz/1969018,H‑E‑B Organics Steamable Cauliflower Florets,$2.98,$0.19/oz,$2.98 ($0.19 / oz),standard_price,in_stock,success
20260517_153328,2026-05-17 15:35:03,HEB,234,"oats, rolled",https://www.heb.com/product-detail/h-e-b-old-fashioned-oats-42-oz/1527031,H‑E‑B Old Fashioned Oats,$3.99,$0.10/oz,$3.99 ($0.10 / oz),standard_price,in_stock,success
20260517_153328,2026-05-17 15:40:30,HEB,235,"oats, rolled, organic",https://www.heb.com/product-detail/h-e-b-organics-old-fashioned-oats-18-oz/1734207,H‑E‑B Organics Old Fashioned Oats,$3.28,$0.18/oz,$3.28 ($0.18 / oz),standard_price,in_stock,success
20260517_153328,2026-05-17 15:47:23,HEB,236,"oats, rolled, organic, bobs red mill",https://www.heb.com/product-detail/bob-s-red-mill-organic-extra-thick-rolled-oats-32-oz/3005533,Bob's Red Mill Organic Extra Thick Rolled Oats,$7.98,$0.25/oz,$7.98 ($0.25 / oz),standard_price,in_stock,success
20260517_153328,2026-05-17 16:03:58,HEB,237,"rice, long grain, brown",https://www.heb.com/product-detail/h-e-b-long-grain-brown-rice-2-lbs/1339264,H‑E‑B Long Grain Brown Rice,$1.67,$0.05/oz,$1.67 ($0.05 / oz),standard_price,in_stock,success
20260517_153328,2026-05-17 16:11:54,HEB,238,"rice, long grain, brown, organic",https://www.heb.com/product-detail/h-e-b-organics-long-grain-brown-rice-2-lbs/2072465,H‑E‑B Organics Long Grain Brown Rice,$2.98,$0.09/oz,$2.98 ($0.09 / oz),standard_price,in_stock,success
20260517_153328,2026-05-17 16:20:03,HEB,239,"rice, long grain, white",https://www.heb.com/product-detail/h-e-b-enriched-long-grain-white-rice-2-lbs/127178,H‑E‑B Enriched Long Grain White Rice,$1.77,$0.06/oz,$1.77 ($0.06 / oz),standard_price,in_stock,success
20260517_153328,2026-05-17 16:27:47,HEB,240,"rice, long grain, white, organic",https://www.heb.com/product-detail/h-e-b-organics-long-grain-white-rice-2-lbs/2072460,H‑E‑B Organics Long Grain White Rice,$2.98,$0.09/oz,$2.98 ($0.09 / oz),standard_price,in_stock,success
20260517_153328,2026-05-17 16:35:45,HEB,241,"quinoa, white, organic",https://www.heb.com/product-detail/h-e-b-organics-6g-protein-white-quinoa-1-lb/2160808,H‑E‑B Organics 6g Protein White Quinoa,$3.35,$0.21/oz,$3.35 ($0.21 / oz),standard_price,in_stock,success
20260517_153328,2026-05-17 16:42:18,HEB,242,spaghetti,https://www.heb.com/product-detail/h-e-b-spaghetti-noodles-16-oz/1567287,H‑E‑B Spaghetti Noodles,$0.98,$0.06/oz,$0.98 ($0.06 / oz),standard_price,in_stock,success
20260517_153328,2026-05-17 16:48:17,HEB,243,"bread, white",https://www.heb.com/product-detail/h-e-b-split-top-butter-sliced-bread-20-oz/3127010,H‑E‑B Split Top Butter Sliced Bread,$2.98,$0.13/oz,$2.98 ($0.13 / oz),standard_price,in_stock,success
20260517_153328,2026-05-17 16:56:47,HEB,244,"bread, sourdough, bakery, sliced",https://www.heb.com/product-detail/h-e-b-bakery-scratch-sourdough-bread-22-oz/2058534,H‑E‑B Bakery Scratch Sourdough Bread,$4.48,,$4.48,standard_price,in_stock,success
20260517_153328,2026-05-17 17:03:27,HEB,245,"bread, whole wheat, sliced",https://www.heb.com/product-detail/h-e-b-100-whole-wheat-sliced-bread-20-oz/672611,H‑E‑B 100% Whole Wheat Sliced Bread,$2.68,$0.13/oz,$2.68 ($0.13 / oz),standard_price,in_stock,success
20260517_153328,2026-05-17 17:09:42,HEB,246,bagels,https://www.heb.com/product-detail/h-e-b-plain-bagels-6-ct/11246542,H‑E‑B Plain Bagels,$2.65,$0.13/oz,$2.65 ($0.13 / oz),standard_price,in_stock,success
20260517_153328,2026-05-17 17:15:07,HEB,247,"bagels, blueberry, sola",https://www.heb.com/product-detail/sola-14g-protein-blu-berry-bagels-12-oz/5600065,Sola 14g Protein Blu-berry Bagels,$6.48,$0.54/oz,$6.48 ($0.54 / oz),standard_price,in_stock,success
20260517_153328,2026-05-17 17:21:51,HEB,248,"bagels, bakery",https://www.heb.com/product-detail/h-e-b-bakery-plain-bagels-4-ct/15877017,H‑E‑B Bakery Plain Bagels,$3.48,,$3.48,standard_price,in_stock,success
20260517_153328,2026-05-17 17:28:28,HEB,249,"buns, hot dog",https://www.heb.com/product-detail/h-e-b-enriched-hot-dog-buns-8-ct/395866,H‑E‑B Enriched Hot Dog Buns,$2.28,$0.28/ct,$2.28 ($0.28 / ct),standard_price,in_stock,success
20260517_153328,2026-05-17 17:33:59,HEB,250,"buns, hot dog, brioche",https://www.heb.com/product-detail/h-e-b-bakery-brioche-hot-dog-buns-6-ct/5635582,H‑E‑B Bakery Brioche Hot Dog Buns,$4.98,$0.83/ct,$4.98 ($0.83 / ct),standard_price,in_stock,success
20260517_153328,2026-05-17 17:43:26,HEB,251,"rolls, sweet hawaiian",https://www.heb.com/product-detail/h-e-b-bakery-sweet-aloha-rolls-12-ct/2173547,H‑E‑B Bakery Sweet Aloha Rolls,$3.98,,$3.98,standard_price,in_stock,success
20260517_153328,2026-05-17 17:48:53,HEB,252,"pie crust, graham",https://www.heb.com/product-detail/hill-country-fare-9-graham-cracker-pie-crust-6-oz/126429,"Hill Country Fare 9"" Graham Cracker Pie Crust",$1.25,$0.21/oz,$1.25 ($0.21 / oz),standard_price,in_stock,success
20260517_153328,2026-05-17 17:54:33,HEB,253,stuffing mix,https://www.heb.com/product-detail/hill-country-fare-seasoned-chicken-stuffing-mix-6-oz/126055,Hill Country Fare Seasoned Chicken Stuffing Mix,$0.95,$0.16/oz,$0.95 ($0.16 / oz),standard_price,in_stock,success
20260517_153328,2026-05-17 18:01:31,HEB,254,"cereal, frosted flakes",https://www.heb.com/product-detail/h-e-b-sugar-frosted-flakes-cereal-17-oz/1194834,H‑E‑B Sugar Frosted Flakes Cereal,$2.98,$0.18/oz,$2.98 ($0.18 / oz),standard_price,in_stock,success
20260517_153328,2026-05-17 18:07:53,HEB,256,"cereal, honey nut o",https://www.heb.com/product-detail/hill-country-fare-honey-nut-toasted-o-s-cereal-12-25-oz/3209555,Hill Country Fare Honey & Nut Toasted O's Cereal,$1.75,$0.14/oz,$1.75 ($0.14 / oz),standard_price,in_stock,success
20260517_153328,2026-05-17 18:13:33,HEB,257,"cereal, honey nut o, cheerios",https://www.heb.com/product-detail/general-mills-honey-nut-cheerios-cereal-family-size-18-8-oz/32022,General Mills Honey Nut Cheerios Cereal - Family Size,$4.97,$0.26/oz,$4.97 ($0.26 / oz),standard_price,in_stock,success
20260517_153328,2026-05-17 18:22:26,HEB,258,"granola, chocolate",https://www.heb.com/product-detail/h-e-b-triple-chocolate-granola-14-oz/1847907,H‑E‑B Triple Chocolate Granola,$3.48,$0.23/oz,$3.48 ($0.23 / oz),standard_price,in_stock,success
20260517_153328,2026-05-17 18:27:44,HEB,259,"granola, chocolate, purely elizabeth",https://www.heb.com/product-detail/purely-elizabeth-chocolate-chip-cookie-granola-11-oz/12797015,Purely Elizabeth Chocolate Chip Cookie Granola,$6.68,$0.61/oz,$6.68 ($0.61 / oz),standard_price,in_stock,success
20260517_153328,2026-05-17 18:32:51,HEB,260,mac and cheese,https://www.heb.com/product-detail/h-e-b-macaroni-cheese-7-25-oz/1901911,H‑E‑B Macaroni & Cheese,$0.98,$0.14/oz,$0.98 ($0.14 / oz),standard_price,in_stock,success
20260517_153328,2026-05-17 18:39:50,HEB,262,"mac and cheese, cheddar, annies",https://www.heb.com/product-detail/annie-s-macaroni-classic-cheddar/1046784,Annie's Macaroni & Classic Cheddar,$1.48,$0.25/oz,$1.48 ($0.25 / oz),standard_price,in_stock,success
20260517_153328,2026-05-17 18:45:59,HEB,263,"vegan mac and cheese, cheddar, annies",https://www.heb.com/product-detail/annie-s-vegan-mac-macaroni-cheddar-flavor/3792556,Annie's Vegan Mac Macaroni & Cheddar Flavor,$2.97,$0.49/oz,$2.97 ($0.49 / oz),standard_price,in_stock,success
20260517_153328,2026-05-17 18:52:36,HEB,264,"vegan mac and cheese, cheddar, goodles",https://www.heb.com/product-detail/goodles-12g-protein-vegan-is-believin-white-cheddar-mac-n-cheese/8489510,Goodles 12g Protein Vegan Is Believin' White Cheddar Mac N Cheese,$3.97,$0.76/oz,$3.97 ($0.76 / oz),standard_price,in_stock,success
20260517_153328,2026-05-17 18:58:02,HEB,265,"mac and cheese, kraft",https://www.heb.com/product-detail/kraft-original-flavor-macaroni-and-cheese-dinner-7-25-oz/81462,Kraft Original Flavor Macaroni and Cheese Dinner,$1.24,$0.17/oz,$1.24 ($0.17 / oz),standard_price,in_stock,success
20260517_153328,2026-05-17 19:05:59,HEB,266,"bread, challah",https://www.heb.com/product-detail/bakery-challah-bread-16-oz/1430505,Bakery Challah Bread,$4.98,,$4.98,standard_price,in_stock,success
20260517_153328,2026-05-17 19:11:45,HEB,267,lentils,https://www.heb.com/product-detail/h-e-b-lentils-16-oz/123894,H‑E‑B Lentils,$1.92,$0.12/oz,$1.92 ($0.12 / oz),standard_price,in_stock,success
20260517_153328,2026-05-17 19:17:31,HEB,271,chick peas (garbanzos),https://www.heb.com/product-detail/h-e-b-garbanzo-beans-16-oz/676812,H‑E‑B Garbanzo Beans,$1.46,$0.09/oz,$1.46 ($0.09 / oz),standard_price,in_stock,success
20260517_153328,2026-05-17 19:22:59,HEB,273,pinto beans,https://www.heb.com/product-detail/h-e-b-pinto-beans-16-oz/125713,H‑E‑B Pinto Beans,$1.24,$0.08/oz,$1.24 ($0.08 / oz),standard_price,in_stock,success
20260517_153328,2026-05-17 19:30:36,HEB,275,black beans,https://www.heb.com/product-detail/h-e-b-black-beans-16-oz/127071,H‑E‑B Black Beans,$1.35,$0.08/oz,$1.35 ($0.08 / oz),standard_price,in_stock,success
20260517_153328,2026-05-17 19:36:16,HEB,277,kidney beans,https://www.heb.com/product-detail/h-e-b-red-kidney-beans-16-oz/125151,H‑E‑B Red Kidney Beans,$1.22,$0.08/oz,$1.22 ($0.08 / oz),standard_price,in_stock,success
20260517_153328,2026-05-17 19:41:39,HEB,279,"pinto beans, canned",https://www.heb.com/product-detail/h-e-b-pinto-beans-27-oz/1916659,H‑E‑B Pinto Beans,$1.43,$0.05/oz,$1.43 ($0.05 / oz),standard_price,in_stock,success
20260517_153328,2026-05-17 19:48:49,HEB,280,"black beans, canned",https://www.heb.com/product-detail/h-e-b-black-beans-27-oz/1916683,H‑E‑B Black Beans,$1.43,$0.05/oz,$1.43 ($0.05 / oz),standard_price,in_stock,success
20260517_153328,2026-05-17 19:55:34,HEB,281,"kidney beans, canned",https://www.heb.com/product-detail/h-e-b-dark-red-kidney-beans-15-5-oz/125847,H‑E‑B Dark Red Kidney Beans,$0.85,$0.05/oz,$0.85 ($0.05 / oz),standard_price,in_stock,success
20260517_153328,2026-05-17 20:02:08,HEB,282,"chick peas (garbanzos), canned",https://www.heb.com/product-detail/h-e-b-garbanzo-beans-15-oz/921750,H‑E‑B Garbanzo Beans,$0.82,$0.05/oz,$0.82 ($0.05 / oz),standard_price,in_stock,success
20260517_153328,2026-05-17 20:09:24,HEB,283,"vegan burger patties, impossible",https://www.heb.com/product-detail/impossible-burger-patties-meat-from-plants-6-ct/6023038,Impossible Burger Patties Meat from Plants,$13.48,$0.56/oz,$13.48 ($0.56 / oz),standard_price,in_stock,success
20260517_153328,2026-05-17 20:15:12,HEB,284,"vegan sausage, bratwurst, beyond meat",https://www.heb.com/product-detail/beyond-meat-beyond-sausage-frozen-plant-based-links-brat-original-4-ct/3070539,Beyond Meat Beyond Sausage Frozen Plant-Based Links - Brat Original,$6.97,$0.50/oz,$6.97 ($0.50 / oz),standard_price,in_stock,success
20260517_153328,2026-05-17 20:22:03,HEB,285,"vegan sausage, hot italian, beyond meat",https://www.heb.com/product-detail/beyond-meat-beyond-sausage-frozen-plant-based-sausage-links-hot-italian-style-4-ct/2692591,Beyond Meat Beyond Sausage Frozen Plant-Based Sausage Links - Hot Italian Style,$6.97,,$6.97,standard_price,in_stock,success
20260517_153328,2026-05-17 21:24:22,HEB,286,"vegan sausage, breakfast, beyond meat",https://www.heb.com/product-detail/beyond-meat-plant-based-sausage-patties-9-7-oz/15956546,Beyond Meat Plant Based Sausage Patties,$5.99,$0.62/oz,$5.99 ($0.62 / oz),standard_price,in_stock,success
20260517_153328,2026-05-17 21:30:04,HEB,287,"potato chips, salt",https://www.heb.com/product-detail/h-e-b-wavy-potato-chips-lightly-salted-9-oz/5422003,H‑E‑B Wavy Potato Chips - Lightly Salted,$2.38,$0.26/oz,$2.38 ($0.26 / oz),standard_price,in_stock,success
20260517_213716,2026-05-17 21:40:13,HEB,288,"tortilla chips, salt",https://www.heb.com/product-detail/h-e-b-bakery-tortilla-chips-sea-salt-16-oz/13856511,H‑E‑B Bakery Tortilla Chips - Sea Salt,$3.18,$0.20/oz,$3.18 ($0.20 / oz),standard_price,in_stock,success
20260517_213716,2026-05-17 21:47:52,HEB,290,"cookies, chocolate chips",https://www.heb.com/product-detail/h-e-b-chips-galore-chewy-chocolate-chip-cookies-13-oz/527311,H‑E‑B Chips Galore Chewy Chocolate Chip Cookies,$3.18,$0.24/oz,$3.18 ($0.24 / oz),standard_price,in_stock,success
20260517_213716,2026-05-17 21:57:25,HEB,292,"cookies, chocolate chips, tates bake shop",https://www.heb.com/product-detail/tate-s-bake-shop-chocolate-chip-cookies-7-oz/1116486,Tate's Bake Shop Chocolate Chip Cookies,$4.97,$0.71/oz,$4.97 ($0.71 / oz),standard_price,out_of_stock,success
20260517_220136,2026-05-17 22:03:22,HEB,293,"ice cream, vanilla",https://www.heb.com/product-detail/h-e-b-creamy-creations-1905-vanilla-ice-cream-1-pt/313554,H‑E‑B Creamy Creations 1905 Vanilla Ice Cream,$2.48,$0.15/floz,$2.48 ($0.15 / fl oz),standard_price,in_stock,success
20260517_220136,2026-05-17 22:11:36,HEB,296,"peanut butter cups, king size, reese's",https://www.heb.com/product-detail/reese-s-peanut-butter-cups-king-size-2-8-oz/1247932,Reese's Peanut Butter Cups - King Size,$2.78,$0.99/oz,$2.78 ($0.99 / oz),standard_price,in_stock,success
20260517_220136,2026-05-17 22:20:07,HEB,297,"vegan peanut butter cups, reese's",https://www.heb.com/product-detail/reese-s-plant-based-oat-chocolate-confection-peanut-butter-cups/10318011,Reese's Plant Based Oat Chocolate Confection & Peanut Butter Cups,$2.84,$2.03/oz,$2.84 ($2.03 / oz),standard_price,in_stock,success
20260517_220136,2026-05-17 22:28:37,HEB,298,"candy bar mix, mini, mars",https://www.heb.com/product-detail/snickers-twix-milky-way-3-musketeers-minis-chocolate-candy-bars-variety-pack-8-31-oz/11038514,"Snickers, Twix, Milky Way & 3 Musketeers Minis Chocolate Candy Bars Variety Pack",$5.97,$0.72/oz,$5.97 ($0.72 / oz),standard_price,in_stock,success
20260517_220136,2026-05-17 22:33:54,HEB,301,"peanut butter, creamy",https://www.heb.com/product-detail/h-e-b-made-in-texas-creamy-peanut-butter-28-oz/1657047,H‑E‑B Made in Texas Creamy Peanut Butter,$3.79,$0.14/oz,$3.79 ($0.14 / oz),standard_price,in_stock,success
20260518_080409,2026-05-18 08:19:53,HEB,304,"dr pepper zero, cherry, cans",https://www.heb.com/product-detail/dr-pepper-cherry-zero-sugar-soda-12-pk-cans-12-oz/4853060,Dr Pepper Cherry Zero Sugar Soda 12 pk Cans,$8.42,$0.06/oz,$8.42 ($0.06 / oz),standard_price,in_stock,success
20260518_080409,2026-05-18 08:28:25,HEB,305,"dr pepper zero, cans",https://www.heb.com/product-detail/dr-pepper-zero-sugar-soda-12-pk-cans-12-oz/4853056,Dr Pepper Zero Sugar Soda 12 pk Cans,$8.42,$0.06/floz,$8.42 ($0.06 / fl oz),standard_price,out_of_stock,success
20260518_080409,2026-05-18 08:34:18,HEB,306,"dr pepper zero, bottle",https://www.heb.com/product-detail/dr-pepper-zero-sugar-soda/4853065,Dr Pepper Zero Sugar Soda,$2.97,$0.04/floz,$2.97 ($0.04 / fl oz),standard_price,in_stock,success
20260518_080409,2026-05-18 08:41:44,HEB,307,"dr pepper zero, cherry, bottle",https://www.heb.com/product-detail/dr-pepper-cherry-zero-sugar-soda/4824001,Dr Pepper Cherry Zero Sugar Soda,$2.97,$0.04/floz,$2.97 ($0.04 / fl oz),standard_price,in_stock,success
20260518_080409,2026-05-18 08:50:18,HEB,308,"creatine, sunwarrior",https://www.heb.com/product-detail/sunwarrior-active-creatine-monohydrate-unflavored-10-58-oz/13465016,Sunwarrior Active Creatine Monohydrate - Unflavored,$29.98,$2.83/oz,$29.98 ($2.83 / oz),standard_price,in_stock,success
20260518_080409,2026-05-18 08:56:06,HEB,310,"flax seed, whole, organic, bobs red mill",https://www.heb.com/product-detail/bob-s-red-mill-whole-flaxseed-13-oz/2279091,Bob's Red Mill Whole Flaxseed,$2.48,$0.19/oz,$2.48 ($0.19 / oz),standard_price,in_stock,success
20260518_080409,2026-05-18 09:01:56,HEB,311,"chia seeds, organic",https://www.heb.com/product-detail/h-e-b-organics-chia-seeds-1-lb/2160763,H‑E‑B Organics Chia Seeds,$3.35,$0.21/oz,$3.35 ($0.21 / oz),standard_price,out_of_stock,success
20260518_080409,2026-05-18 09:08:44,HEB,312,"walnuts, shelled",https://www.heb.com/product-detail/h-e-b-premium-walnut-halves-16-oz/4235562,H‑E‑B Premium Walnut Halves,$9.98,$0.62/oz,$9.98 ($0.62 / oz),standard_price,in_stock,success
20260518_080409,2026-05-18 09:42:00,HEB,313,almonds,https://www.heb.com/product-detail/h-e-b-whole-raw-almonds-16-oz/1955636,H‑E‑B Whole Raw Almonds,$7.28,$0.46/oz,$7.28 ($0.46 / oz),standard_price,in_stock,success
20260518_080409,2026-05-18 09:48:55,HEB,314,"pecan, shelled",https://www.heb.com/product-detail/h-e-b-pecan-halves-10-oz/1579525,H‑E‑B Pecan Halves,$7.48,$0.75/oz,$7.48 ($0.75 / oz),standard_price,in_stock,success
20260518_080409,2026-05-18 09:54:59,HEB,315,"turmeric, ground",https://www.heb.com/product-detail/h-e-b-ground-turmeric-spice-1-8-oz/4384570,H‑E‑B Ground Turmeric Spice,$3.28,$1.82/oz,$3.28 ($1.82 / oz),standard_price,in_stock,success
20260518_080409,2026-05-18 10:01:46,HEB,316,"turmeric, ground, organic",https://www.heb.com/product-detail/central-market-organics-ground-turmeric-2-02-oz/984114,Central Market Organics Ground Turmeric,$4.38,$2.17/oz,$4.38 ($2.17 / oz),standard_price,in_stock,success
20260518_080409,2026-05-18 10:08:25,HEB,317,"cinnamon, ground",https://www.heb.com/product-detail/h-e-b-ground-cinnamon-seasoning-1-8-oz/1627073,H‑E‑B Ground Cinnamon Seasoning,$2.58,$1.43/oz,$2.58 ($1.43 / oz),standard_price,in_stock,success
20260518_080409,2026-05-18 10:15:12,HEB,318,"cinnamon, ground, organic",https://www.heb.com/product-detail/central-market-organics-ground-korintje-cinnamon-2-15-oz/977550,Central Market Organics Ground Korintje Cinnamon,$4.88,$2.27/oz,$4.88 ($2.27 / oz),standard_price,in_stock,success
20260518_080409,2026-05-18 10:21:44,HEB,320,"poppy seeds, organic",https://www.heb.com/product-detail/central-market-organics-poppy-seed-2-57-oz/977559,Central Market Organics Poppy Seed,$5.48,$2.08/oz,$5.48 ($2.08 / oz),standard_price,in_stock,success
20260518_080409,2026-05-18 10:29:02,HEB,322,bulgur,https://www.heb.com/product-detail/central-market-bulgur-quick-cook-grains-8-8-oz/1418967,Central Market Bulgur Quick Cook Grains,$3.38,$0.38/oz,$3.38 ($0.38 / oz),standard_price,in_stock,success
20260518_080409,2026-05-18 10:35:29,HEB,323,honey,https://www.heb.com/product-detail/hill-country-fare-clover-honey-bear-12-oz/123681,Hill Country Fare Clover Honey Bear,$3.35,$0.28/oz,$3.35 ($0.28 / oz),standard_price,in_stock,success
20260518_080409,2026-05-18 10:41:22,HEB,324,raisins,https://www.heb.com/product-detail/h-e-b-seedless-raisins-20-oz/126293,H‑E‑B Seedless Raisins,$3.99,$0.20/oz,$3.99 ($0.20 / oz),standard_price,in_stock,success
20260518_080409,2026-05-18 10:48:33,HEB,326,"cranberries, dried, sweetened",https://www.heb.com/product-detail/h-e-b-dried-sweetened-cranberries-5-oz/1157609,H‑E‑B Dried Sweetened Cranberries,$1.41,$0.28/oz,$1.41 ($0.28 / oz),standard_price,in_stock,success
20260518_080409,2026-05-18 10:55:41,HEB,328,"beets, bunch",https://www.heb.com/product-detail/fresh-red-beets-1-bunch/374797,Fresh Red Beets,$2.57,,$2.57,standard_price,in_stock,success
20260518_080409,2026-05-18 11:05:08,HEB,330,"cabbage, green",https://www.heb.com/product-detail/fresh-green-cabbage-avg-2-75-lbs/374791,Fresh Green Cabbage,$1.79,$0.65/lb,$1.79 ($0.65 / lb),standard_price,in_stock,success
20260518_080409,2026-05-18 11:15:19,HEB,331,"cabbage, green, organic",https://www.heb.com/product-detail/fresh-organic-green-cabbage-avg-2-31-lbs/375005,Fresh Organic Green Cabbage,$3.60,$1.56/lb,$3.60 ($1.56 / lb),standard_price,in_stock,success
20260518_080409,2026-05-18 11:21:06,HEB,332,"sour cream, daisy",https://www.heb.com/product-detail/daisy-sour-cream-8-oz/314020,Daisy Sour Cream,$1.74,$0.22/oz,$1.74 ($0.22 / oz),standard_price,in_stock,success
20260518_080409,2026-05-18 11:27:10,HEB,333,sour cream,https://www.heb.com/product-detail/h-e-b-regular-sour-cream-8-oz/314027,H‑E‑B Regular Sour Cream,$1.28,$0.16/oz,$1.28 ($0.16 / oz),standard_price,in_stock,success
20260518_080409,2026-05-18 11:32:02,HEB,335,dill,https://www.heb.com/product-detail/soli-organic-fresh-dill-0-5-oz/10566556,Soli Organic Fresh Dill,$2.48,$4.96/oz,$2.48 ($4.96 / oz),standard_price,in_stock,success
20260518_080409,2026-05-18 11:40:50,HEB,337,"farmer cheese, lifeway",https://www.heb.com/product-detail/lifeway-probiotic-farmer-cheese-plain/32975,Lifeway Probiotic Farmer Cheese - Plain,$5.56,$0.35/oz,$5.56 ($0.35 / oz),standard_price,in_stock,success
20260518_080409,2026-05-18 11:46:30,HEB,340,"oil, olive, extra virgin",https://www.heb.com/product-detail/h-e-b-extra-virgin-olive-oil-1-5-l/862775,H‑E‑B Extra Virgin Olive Oil,$16.98,$0.33/floz,$16.98 ($0.33 / fl oz),standard_price,in_stock,success
20260518_080409,2026-05-18 11:53:31,HEB,341,"rye flour, organic, bobs red mill",https://www.heb.com/product-detail/bob-s-red-mill-organic-stone-ground-dark-rye-flour-1-25-lb/3439799,Bob's Red Mill Organic Stone Ground Dark Rye Flour,$3.48,$0.17/oz,$3.48 ($0.17 / oz),standard_price,in_stock,success
20260518_080409,2026-05-18 11:59:53,HEB,343,turnip,https://www.heb.com/product-detail/fresh-turnips-avg-0-85-lb/319205,Fresh Turnips,$1.68,$1.98/lb,$1.68 ($1.98 / lb),standard_price,in_stock,success
20260518_080409,2026-05-18 12:06:36,HEB,344,"arugula, organic",https://www.heb.com/product-detail/h-e-b-organics-baby-arugula-5-oz/7499501,H‑E‑B Organics Baby Arugula,$2.59,$0.52/oz,$2.59 ($0.52 / oz),standard_price,in_stock,success
20260518_080409,2026-05-18 12:11:52,HEB,345,eggplant,https://www.heb.com/product-detail/fresh-purple-eggplant-avg-1-6-lbs/319127,Fresh Purple Eggplant,$2.66,$1.66/lb,$2.66 ($1.66 / lb),standard_price,in_stock,success
20260518_080409,2026-05-18 12:20:22,HEB,346,zucchini,https://www.heb.com/product-detail/fresh-zucchini-squash-avg-0-45-lb/374744,Fresh Zucchini Squash,$0.52,$1.15/lb,$0.52 ($1.15 / lb),standard_price,in_stock,success
20260518_080409,2026-05-18 12:26:34,HEB,347,"okra, frozen",https://www.heb.com/product-detail/h-e-b-frozen-cut-okra-16-oz/126136,H‑E‑B Frozen Cut Okra,$1.98,$0.12/oz,$1.98 ($0.12 / oz),standard_price,in_stock,success
20260518_080409,2026-05-18 12:33:13,HEB,348,"orange, navel",https://www.heb.com/product-detail/fresh-large-navel-orange-avg-0-62-lb/375169,Fresh Large Navel Orange,$1.03,$1.66/lb,$1.03 ($1.66 / lb),standard_price,in_stock,success
20260518_080409,2026-05-18 12:39:24,HEB,349,grapefruit,https://www.heb.com/product-detail/h-e-b-texas-roots-large-grapefruit-avg-1-2-lbs/320790,H‑E‑B Texas Roots Large Grapefruit,$2.02,$1.68/lb,$2.02 ($1.68 / lb),standard_price,in_stock,success
20260518_080409,2026-05-18 12:49:14,HEB,350,tangerine,https://www.heb.com/product-detail/h-e-b-bella-mandarins-3-lb-bag/1954913,H‑E‑B Bella Mandarins,$3.79,,$3.79,standard_price,out_of_stock,success
20260518_080409,2026-05-18 12:55:26,HEB,351,grapes,https://www.heb.com/product-detail/h-e-b-premium-fresh-seedless-white-grapes-avg-2-0-lbs/3835007,H‑E‑B Premium Fresh Seedless White Grapes,$7.56,$3.78/lb,$7.56 ($3.78 / lb),standard_price,in_stock,success
20260518_080409,2026-05-18 13:02:21,HEB,352,"dates, medjool, natural delights",https://www.heb.com/product-detail/natural-delights-fresh-whole-medjool-dates-1-lb/1209927,Natural Delights Fresh Whole Medjool Dates,$8.48,$0.53/oz,$8.48 ($0.53 / oz),standard_price,in_stock,success
20260518_080409,2026-05-18 13:08:37,HEB,353,"peach, yellow",https://www.heb.com/product-detail/h-e-b-yellow-peach-avg-0-53-lb/320978,H‑E‑B Yellow Peach,$2.11,$3.98/lb,$2.11 ($3.98 / lb),standard_price,in_stock,success
20260518_080409,2026-05-18 13:15:13,HEB,354,"peach, frozen",https://www.heb.com/product-detail/h-e-b-frozen-sliced-peaches-16-oz/125407,H‑E‑B Frozen Sliced Peaches,$2.86,$0.18/oz,$2.86 ($0.18 / oz),standard_price,in_stock,success
20260518_080409,2026-05-18 13:22:05,HEB,355,macadamia,https://www.heb.com/product-detail/h-e-b-macadamia-nuts-6-oz/13948511,H‑E‑B Macadamia Nuts,$4.98,$0.83/oz,$4.98 ($0.83 / oz),standard_price,in_stock,success
20260518_080409,2026-05-18 13:28:01,HEB,356,cashews,https://www.heb.com/product-detail/h-e-b-fancy-raw-whole-cashews-7-4-oz/1441229,H‑E‑B Fancy Raw Whole Cashews,$5.88,$0.79/oz,$5.88 ($0.79 / oz),standard_price,in_stock,success
20260518_080409,2026-05-18 13:33:50,HEB,359,"hemp seeds, shelled, organic, manitoba harvest",https://www.heb.com/product-detail/manitoba-harvest-hemp-hearts-organic-seeds-7-oz/1812619,Manitoba Harvest Hemp Hearts Organic Seeds,$8.16,$1.17/oz,$8.16 ($1.17 / oz),standard_price,in_stock,success
20260518_080409,2026-05-18 13:40:26,HEB,360,pumpkin seeds,https://www.heb.com/product-detail/h-e-b-raw-pumpkin-seeds-16-oz/4604547,H‑E‑B Raw Pumpkin Seeds,$7.98,$0.50/oz,$7.98 ($0.50 / oz),standard_price,in_stock,success
20260518_080409,2026-05-18 13:47:47,HEB,361,"pumpkin seeds, organic",https://www.heb.com/product-detail/h-e-b-organics-pumpkin-seeds-9-3-oz/1832103,H‑E‑B Organics Pumpkin Seeds,$5.88,$0.63/oz,$5.88 ($0.63 / oz),standard_price,in_stock,success
20260518_080409,2026-05-18 13:55:25,HEB,362,salmon,https://www.heb.com/product-detail/h-e-b-fish-market-fresh-atlantic-salmon-portions-4-ct/1826795,H‑E‑B Fish Market Fresh Atlantic Salmon Portions,$21.00,$1.05/oz,$21.00 ($1.05 / oz),standard_price,in_stock,success
20260518_080409,2026-05-18 14:01:13,HEB,363,"shrimp, small, frozen",https://www.heb.com/product-detail/great-catch-frozen-easy-peel-deveined-medium-raw-shrimp-41-60-ct-lb-12-oz/1722666,"Great Catch Frozen Easy Peel Deveined Medium Raw Shrimp, 41 - 60 ct/lb",$6.97,$0.58/oz,$6.97 ($0.58 / oz),standard_price,in_stock,success
20260518_080409,2026-05-18 14:07:51,HEB,364,cod,https://www.heb.com/product-detail/h-e-b-wild-caught-fresh-atlantic-cod-loin-lb/2119368,H‑E‑B Wild Caught Fresh Atlantic Cod Loin,$18.97,$1.19/oz,$18.97 ($1.19 / oz),standard_price,in_stock,success
20260518_080409,2026-05-18 14:13:28,HEB,365,sardines in water,https://www.heb.com/product-detail/hill-country-fare-sardines-in-water-4-25-oz/595087,Hill Country Fare Sardines in Water,$0.98,$0.23/oz,$0.98 ($0.23 / oz),standard_price,out_of_stock,success
20260518_080409,2026-05-18 14:21:49,HEB,366,trout,https://www.heb.com/product-detail/h-e-b-fish-market-fresh-steelhead-trout-fillet-lb/373297,H‑E‑B Fish Market Fresh Steelhead Trout Fillet,$10.97,$0.69/oz,$10.97 ($0.69 / oz),standard_price,in_stock,success
20260518_080409,2026-05-18 14:28:07,HEB,367,"feta cheese, block",https://www.heb.com/product-detail/h-e-b-deli-traditional-feta-cheese-chunk-8-oz/6058071,H‑E‑B Deli Traditional Feta Cheese Chunk,$4.98,$0.62/oz,$4.98 ($0.62 / oz),standard_price,in_stock,success
20260518_080409,2026-05-18 14:34:29,HEB,368,clams,https://www.heb.com/product-detail/h-e-b-responsibly-raised-fresh-live-littleneck-clams-lb/2017638,H‑E‑B Responsibly Raised Fresh Live Littleneck Clams,$7.97,$0.50/oz,$7.97 ($0.50 / oz),standard_price,likely_in_stock,success
20260518_080409,2026-05-18 14:41:19,HEB,369,octopus,https://www.heb.com/product-detail/h-e-b-wild-caught-whole-octopus-avg-3-06-lbs/607080,H‑E‑B Wild Caught Whole Octopus,$24.39,$7.97/lb,$24.39 ($7.97 / lb),standard_price,likely_in_stock,success
20260518_080409,2026-05-18 14:46:56,HEB,370,flounder,https://www.heb.com/product-detail/h-e-b-wild-caught-fresh-west-coast-flounder-fillet-lb/409527,H‑E‑B Wild Caught Fresh West Coast Flounder Fillet,$14.97,$0.94/oz,$14.97 ($0.94 / oz),standard_price,in_stock,success
20260518_080409,2026-05-18 14:53:18,HEB,371,"cheese, brie",https://www.heb.com/product-detail/h-e-b-deli-double-cr-me-brie-cheese-wheel-7-oz/8634013,H‑E‑B Deli Double Crème Brie Cheese Wheel,$4.78,$0.68/oz,$4.78 ($0.68 / oz),standard_price,in_stock,success
20260518_080409,2026-05-18 14:59:27,HEB,372,"ricotta, part skim",https://www.heb.com/product-detail/h-e-b-part-skim-ricotta-cheese-15-oz/126441,H‑E‑B Part-Skim Ricotta Cheese,$2.89,$0.19/oz,$2.89 ($0.19 / oz),standard_price,in_stock,success
20260518_151721,2026-05-18 15:18:00,HEB,302,"peanut butter, creamy, organic",https://www.heb.com/product-detail/h-e-b-organics-7g-protein-creamy-peanut-butter-spread-18-oz/1766478,H‑E‑B Organics 7g Protein Creamy Peanut Butter Spread,$4.88,$0.27/oz,$4.88 ($0.27 / oz),standard_price,in_stock,success
20260518_151721,2026-05-18 15:23:50,HEB,303,"almond butter, no sugar",https://www.heb.com/product-detail/h-e-b-no-sugar-added-creamy-almond-butter-16-oz/3530035,H‑E‑B No Sugar Added Creamy Almond Butter,$4.65,$0.29/oz,$4.65 ($0.29 / oz),standard_price,in_stock,success
